record_id,text,suggested_category,suggested_urgency,reviewed_category,reviewed_urgency,review_status,review_note,department,location,incident_group_id,template_group_id,source_dataset,source_record_id,source_type,original_category,original_urgency,original_primary_department,original_aspects,publisher_split,split
falcon-0001,Electrical wall receptacle in Room 104 sparked and produced smoke when plugging in charger for the past two days.,Electrical,High,Electrical,High,approved,Existing Falcon Mail label retained.,Electrical Maintenance Services,,falcon:T_ELC_003,falcon:T_ELC_003,falcon_mail_v1,1,synthetic,Electrical,High,,,,train
falcon-0002,Wall socket switch plate has been cracked in dormitory room 112.,Electrical,Low,Electrical,Low,approved,Existing Falcon Mail label retained.,Electrical Maintenance Services,,falcon:T_ELC_020,falcon:T_ELC_020,falcon_mail_v1,2,synthetic,Electrical,Low,,,,train
falcon-0003,Corridor wall plaster in Block A has been peeling and dropping debris on the floor.,Maintenance,Low,Maintenance,Low,approved,Existing Falcon Mail label retained.,Facilities Management & Maintenance,,falcon:T_MNT_014,falcon:T_MNT_014,falcon_mail_v1,3,synthetic,Maintenance,Low,,,,train
falcon-0004,Found a bunch of keys with a blue lanyard on the wooden bench outside cafeteria.,Other,Low,Other,Low,approved,Existing Falcon Mail label retained.,General Services / Helpdesk,,falcon:T_OTH_002,falcon:T_OTH_002,falcon_mail_v1,4,synthetic,Other,Low,,,,train
falcon-0005,Underground gas main pipeline ruptured with loud hissing near student residential dining hall this has been ongoing since last week.,Safety,Critical,Safety,Critical,approved,Existing Falcon Mail label retained.,Campus Security & Safety Office,,falcon:T_EMG_006,falcon:T_EMG_006,falcon_mail_v1,5,synthetic,Safety,Critical,,,,train
falcon-0006,Vending machine in Block A swallowed card payment without dispensing item which is affecting normal activities.,Facilities,Low,Facilities,Low,approved,Existing Falcon Mail label retained.,Facilities & Infrastructure,,falcon:T_FAC_008,falcon:T_FAC_008,falcon_mail_v1,6,synthetic,Facilities,Low,,,,test
falcon-0007,Fire extinguisher in the Chemistry lab has been missing from its designated wall mount.,Safety,High,Safety,High,approved,Existing Falcon Mail label retained.,Campus Security & Safety Office,,falcon:T_SAF_002,falcon:T_SAF_002,falcon_mail_v1,7,synthetic,Safety,High,,,,train
falcon-0008,Traffic bottleneck at main campus gate due to malfunctioning automated boom barrier.,Transport,Medium,Transport,Medium,approved,Existing Falcon Mail label retained.,Transport & Parking Department,,falcon:T_TRN_010,falcon:T_TRN_010,falcon_mail_v1,8,synthetic,Transport,Medium,,,,train
falcon-0009,CCTV security camera covering the female dormitory entrance has been damaged.,Safety,High,Safety,High,approved,Existing Falcon Mail label retained.,Campus Security & Safety Office,,falcon:T_SAF_012,falcon:T_SAF_012,falcon_mail_v1,9,synthetic,Safety,High,,,,train
falcon-0010,Stagnant rainwater puddle in hostel courtyard breeding mosquitoes which is affecting normal activities.,Cleanliness,High,Cleanliness,High,approved,Existing Falcon Mail label retained.,Housekeeping & Janitorial Services,,falcon:T_CLN_012,falcon:T_CLN_012,falcon_mail_v1,10,synthetic,Cleanliness,High,,,,train
falcon-0011,High-pressure medical oxygen cylinder valve sheared off inside campus health clinic causing inconvenience to students and staff.,Safety,Critical,Safety,Critical,approved,Existing Falcon Mail label retained.,Campus Security & Safety Office,,falcon:T_EMG_015,falcon:T_EMG_015,falcon_mail_v1,11,synthetic,Safety,Critical,,,,train
falcon-0012,Staircase handrail near Block B emergency exit is loose and unstable.,Maintenance,Medium,Maintenance,Medium,approved,Existing Falcon Mail label retained.,Facilities Management & Maintenance,,falcon:T_MNT_007,falcon:T_MNT_007,falcon_mail_v1,12,synthetic,Maintenance,Medium,,,,train
falcon-0013,Sawdust combustible explosion occurred in campus carpentry workshop with burning embers since yesterday morning.,Safety,Critical,Safety,Critical,approved,Existing Falcon Mail label retained.,Campus Security & Safety Office,,falcon:T_EMG_026,falcon:T_EMG_026,falcon_mail_v1,13,synthetic,Safety,Critical,,,,train
falcon-0014,Senior thesis advisor allocations have still not been published which is affecting normal activities.,Academic,Low,Academic,Low,approved,Existing Falcon Mail label retained.,Academic Affairs & Registrar,,falcon:T_ACD_015,falcon:T_ACD_015,falcon_mail_v1,14,synthetic,Academic,Low,,,,train
falcon-0015,Wall socket switch plate is cracked in dormitory room 112 causing inconvenience to students and staff.,Electrical,Low,Electrical,Low,approved,Existing Falcon Mail label retained.,Electrical Maintenance Services,,falcon:T_ELC_020,falcon:T_ELC_020,falcon_mail_v1,15,synthetic,Electrical,Low,,,,train
falcon-0016,Fee breakdown receipt statement omits laboratory fee component.,Administration,Low,Administration,Low,approved,Existing Falcon Mail label retained.,General Administration,,falcon:T_ADM_017,falcon:T_ADM_017,falcon_mail_v1,16,synthetic,Administration,Low,,,,train
falcon-0017,Disciplinary review notification was issued with mismatched student registration number for the past two days.,Administration,Medium,Administration,Medium,approved,Existing Falcon Mail label retained.,General Administration,,falcon:T_ADM_006,falcon:T_ADM_006,falcon_mail_v1,17,synthetic,Administration,Medium,,,,train
falcon-0018,Heavy main entrance gate hinges are squeaking and sticking reported earlier today.,Maintenance,Low,Maintenance,Low,approved,Existing Falcon Mail label retained.,Facilities Management & Maintenance,,falcon:T_MNT_020,falcon:T_MNT_020,falcon_mail_v1,18,synthetic,Maintenance,Low,,,,validation
falcon-0019,Exploding aerosol spray canisters inside dormitory incinerator chute ignited surrounding garbage.,Safety,Critical,Safety,Critical,approved,Existing Falcon Mail label retained.,Campus Security & Safety Office,,falcon:T_EMG_030,falcon:T_EMG_030,falcon_mail_v1,19,synthetic,Safety,Critical,,,,validation
falcon-0020,Prerequisite waiver has not been processed on the portal blocking graduation registration.,Academic,High,Academic,High,approved,Existing Falcon Mail label retained.,Academic Affairs & Registrar,,falcon:T_ACD_014,falcon:T_ACD_014,falcon_mail_v1,20,synthetic,Academic,High,,,,train
falcon-0021,Medical clinic biohazard waste container left unsealed in common reception.,Cleanliness,High,Cleanliness,High,approved,Existing Falcon Mail label retained.,Housekeeping & Janitorial Services,,falcon:T_CLN_010,falcon:T_CLN_010,falcon_mail_v1,21,synthetic,Cleanliness,High,,,,test
falcon-0022,No Objection Certificate document for mandatory internship visa is pending approval for weeks.,Administration,Medium,Administration,Medium,approved,Existing Falcon Mail label retained.,General Administration,,falcon:T_ADM_007,falcon:T_ADM_007,falcon_mail_v1,22,synthetic,Administration,Medium,,,,train
falcon-0023,Students are unable to log into the portal from the Library terminals.,IT,Medium,IT,Medium,approved,Existing Falcon Mail label retained.,IT Support & Services,,falcon:T_IT_002,falcon:T_IT_002,falcon_mail_v1,23,synthetic,IT,Medium,,,,train
falcon-0024,Smoke and flames venting from elevator shaft into fourth floor residential dorm corridor this has been ongoing since last week.,Safety,Critical,Safety,Critical,approved,Existing Falcon Mail label retained.,Campus Security & Safety Office,,falcon:T_EMG_021,falcon:T_EMG_021,falcon_mail_v1,24,synthetic,Safety,Critical,,,,train
falcon-0025,Found student umbrella near the main entrance turnstiles after morning rain causing inconvenience to students and staff.,Other,Low,Other,Low,approved,Existing Falcon Mail label retained.,General Services / Helpdesk,,falcon:T_OTH_012,falcon:T_OTH_012,falcon_mail_v1,25,synthetic,Other,Low,,,,validation
falcon-0026,Elevator in the Administration building is making grinding noises and jerking abruptly causing inconvenience to students and staff.,Maintenance,High,Maintenance,High,approved,Existing Falcon Mail label retained.,Facilities Management & Maintenance,,falcon:T_MNT_004,falcon:T_MNT_004,falcon_mail_v1,26,synthetic,Maintenance,High,,,,train
falcon-0027,The door lock in Room 304 has been broken and the door cannot latch shut.,Maintenance,Medium,Maintenance,Medium,approved,Existing Falcon Mail label retained.,Facilities Management & Maintenance,,falcon:T_MNT_001,falcon:T_MNT_001,falcon_mail_v1,27,synthetic,Maintenance,Medium,,,,train
falcon-0028,Industrial ammonia refrigeration leak in campus food cold-storage warehouse since yesterday morning.,Safety,Critical,Safety,Critical,approved,Existing Falcon Mail label retained.,Campus Security & Safety Office,,falcon:T_EMG_033,falcon:T_EMG_033,falcon_mail_v1,28,synthetic,Safety,Critical,,,,validation
falcon-0029,Shower floor drain in hostel room 304 is blocked with pooling stagnant water causing inconvenience to students and staff.,Plumbing,Medium,Plumbing,Medium,approved,Existing Falcon Mail label retained.,Plumbing Services,,falcon:T_PLM_010,falcon:T_PLM_010,falcon_mail_v1,29,synthetic,Plumbing,Medium,,,,test
falcon-0030,Ethernet network port in faculty office 215 is physically loose and broken for the past two days.,IT,Low,IT,Low,approved,Existing Falcon Mail label retained.,IT Support & Services,,falcon:T_IT_012,falcon:T_IT_012,falcon_mail_v1,30,synthetic,IT,Low,,,,test
falcon-0031,Midterm examination timetable has scheduled two core subjects at the exact same hour since yesterday morning.,Academic,High,Academic,High,approved,Existing Falcon Mail label retained.,Academic Affairs & Registrar,,falcon:T_ACD_002,falcon:T_ACD_002,falcon_mail_v1,31,synthetic,Academic,High,,,,train
falcon-0032,Water is leaking from ceiling tiles near cafeteria and floor is slippery.,Plumbing,High,Plumbing,High,approved,Existing Falcon Mail label retained.,Plumbing Services,,falcon:T_PLM_001,falcon:T_PLM_001,falcon_mail_v1,32,synthetic,Plumbing,High,,,,train
falcon-0033,Exhaust ventilation fan in the workshop is screeching loudly observed during the morning class.,Maintenance,Medium,Maintenance,Medium,approved,Existing Falcon Mail label retained.,Facilities Management & Maintenance,,falcon:T_MNT_012,falcon:T_MNT_012,falcon_mail_v1,33,synthetic,Maintenance,Medium,,,,train
falcon-0034,Campus parking lot B is congested due to non-permitted external commercial vehicles.,Transport,Low,Transport,Low,approved,Existing Falcon Mail label retained.,Transport & Parking Department,,falcon:T_TRN_005,falcon:T_TRN_005,falcon_mail_v1,34,synthetic,Transport,Low,,,,test
falcon-0035,Exhaust ventilation fan in the workshop is screeching loudly.,Maintenance,Medium,Maintenance,Medium,approved,Existing Falcon Mail label retained.,Facilities Management & Maintenance,,falcon:T_MNT_012,falcon:T_MNT_012,falcon_mail_v1,35,synthetic,Maintenance,Medium,,,,train
falcon-0036,Sanitary vending machine in female facility has been empty and jammed.,Facilities,Medium,Facilities,Medium,approved,Existing Falcon Mail label retained.,Facilities & Infrastructure,,falcon:T_FAC_014,falcon:T_FAC_014,falcon_mail_v1,36,synthetic,Facilities,Medium,,,,train
falcon-0037,Corridor motion sensors for automatic lights are defective.,Electrical,Low,Electrical,Low,approved,Existing Falcon Mail label retained.,Electrical Maintenance Services,,falcon:T_ELC_018,falcon:T_ELC_018,falcon_mail_v1,37,synthetic,Electrical,Low,,,,train
falcon-0038,Hand wash liquid soap dispensers in central restrooms are all empty.,Cleanliness,Medium,Cleanliness,Medium,approved,Existing Falcon Mail label retained.,Housekeeping & Janitorial Services,,falcon:T_CLN_018,falcon:T_CLN_018,falcon_mail_v1,38,synthetic,Cleanliness,Medium,,,,train
falcon-0039,Overhead water pipe dripping directly above computer server racks.,Plumbing,Critical,Plumbing,Critical,approved,Existing Falcon Mail label retained.,Plumbing Services,,falcon:T_PLM_013,falcon:T_PLM_013,falcon_mail_v1,39,synthetic,Plumbing,Critical,,,,train
falcon-0040,Load-bearing support pillar on Block C fifth floor shows massive diagonal shear fracture causing inconvenience to students and staff.,Maintenance,Critical,Maintenance,Critical,approved,Existing Falcon Mail label retained.,Facilities Management & Maintenance,,falcon:T_EMG_017,falcon:T_EMG_017,falcon_mail_v1,40,synthetic,Maintenance,Critical,,,,test
falcon-0041,Insufficient seating on morning shuttle forcing students to stand in the aisle observed during the morning class.,Transport,Medium,Transport,Medium,approved,Existing Falcon Mail label retained.,Transport & Parking Department,,falcon:T_TRN_004,falcon:T_TRN_004,falcon_mail_v1,41,synthetic,Transport,Medium,,,,validation
falcon-0042,No Objection Certificate document for mandatory internship visa is pending approval for weeks reported earlier today.,Administration,Medium,Administration,Medium,approved,Existing Falcon Mail label retained.,General Administration,,falcon:T_ADM_007,falcon:T_ADM_007,falcon_mail_v1,42,synthetic,Administration,Medium,,,,train
falcon-0043,No teaching assistant has been assigned to support weekly programming tutorial batches observed during the morning class.,Academic,Low,Academic,Low,approved,Existing Falcon Mail label retained.,Academic Affairs & Registrar,,falcon:T_ACD_011,falcon:T_ACD_011,falcon_mail_v1,43,synthetic,Academic,Low,,,,train
falcon-0044,Internet speed in the male dormitory has been sluggish since yesterday.,IT,Low,IT,Low,approved,Existing Falcon Mail label retained.,IT Support & Services,,falcon:T_IT_005,falcon:T_IT_005,falcon_mail_v1,44,synthetic,IT,Low,,,,validation
falcon-0045,Water has been leaking from ceiling tiles near cafeteria and floor has been slippery.,Plumbing,High,Plumbing,High,approved,Existing Falcon Mail label retained.,Plumbing Services,,falcon:T_PLM_001,falcon:T_PLM_001,falcon_mail_v1,45,synthetic,Plumbing,High,,,,train
falcon-0046,Recycling receptacles in Computer Lab 1 have not been emptied for days.,Cleanliness,Low,Cleanliness,Low,approved,Existing Falcon Mail label retained.,Housekeeping & Janitorial Services,,falcon:T_CLN_011,falcon:T_CLN_011,falcon_mail_v1,46,synthetic,Cleanliness,Low,,,,validation
falcon-0047,The projector in Lecture Hall A has been flickering and won't display slides clearly.,IT,Low,IT,Low,approved,Existing Falcon Mail label retained.,IT Support & Services,,falcon:T_IT_003,falcon:T_IT_003,falcon_mail_v1,47,synthetic,IT,Low,,,,train
falcon-0048,Excessively loud amplified music played late at night from adjacent hostel wing causing inconvenience to students and staff.,Other,Low,Other,Low,approved,Existing Falcon Mail label retained.,General Services / Helpdesk,,falcon:T_OTH_009,falcon:T_OTH_009,falcon_mail_v1,48,synthetic,Other,Low,,,,validation
falcon-0049,Stray kittens found sheltered inside the outdoor electrical equipment shed noticed by several students.,Other,Medium,Other,Medium,approved,Existing Falcon Mail label retained.,General Services / Helpdesk,,falcon:T_OTH_014,falcon:T_OTH_014,falcon_mail_v1,49,synthetic,Other,Medium,,,,train
falcon-0050,Lost scientific calculator left on desk 12 in the engineering design room.,Other,Low,Other,Low,approved,Existing Falcon Mail label retained.,General Services / Helpdesk,,falcon:T_OTH_011,falcon:T_OTH_011,falcon_mail_v1,50,synthetic,Other,Low,,,,train
falcon-0051,Partition divider in Seminar Hall 1 is unsteady and rattling since yesterday morning.,Maintenance,Low,Maintenance,Low,approved,Existing Falcon Mail label retained.,Facilities Management & Maintenance,,falcon:T_MNT_019,falcon:T_MNT_019,falcon_mail_v1,51,synthetic,Maintenance,Low,,,,test
falcon-0052,Laboratory manual for Microprocessors contains outdated and conflicting circuit diagrams noticed by several students.,Academic,Low,Academic,Low,approved,Existing Falcon Mail label retained.,Academic Affairs & Registrar,,falcon:T_ACD_007,falcon:T_ACD_007,falcon_mail_v1,52,synthetic,Academic,Low,,,,train
falcon-0053,Staircase handrail near Block B emergency exit has been loose and unstable.,Maintenance,Medium,Maintenance,Medium,approved,Existing Falcon Mail label retained.,Facilities Management & Maintenance,,falcon:T_MNT_007,falcon:T_MNT_007,falcon_mail_v1,53,synthetic,Maintenance,Medium,,,,train
falcon-0054,Final exam hall seating arrangement list shows conflicting room numbers for students.,Academic,High,Academic,High,approved,Existing Falcon Mail label retained.,Academic Affairs & Registrar,,falcon:T_ACD_012,falcon:T_ACD_012,falcon_mail_v1,54,synthetic,Academic,High,,,,train
falcon-0055,Tuition fee refund request for duplicate transaction is delayed over four weeks which is affecting normal activities.,Administration,Medium,Administration,Medium,approved,Existing Falcon Mail label retained.,General Administration,,falcon:T_ADM_001,falcon:T_ADM_001,falcon_mail_v1,55,synthetic,Administration,Medium,,,,train
falcon-0056,Hostel security caution deposit refund has not been released post-checkout several people have pointed this out.,Administration,Medium,Administration,Medium,approved,Existing Falcon Mail label retained.,General Administration,,falcon:T_ADM_015,falcon:T_ADM_015,falcon_mail_v1,56,synthetic,Administration,Medium,,,,train
falcon-0057,Load-bearing support pillar on Block C fifth floor shows massive diagonal shear fracture.,Maintenance,Critical,Maintenance,Critical,approved,Existing Falcon Mail label retained.,Facilities Management & Maintenance,,falcon:T_EMG_017,falcon:T_EMG_017,falcon_mail_v1,57,synthetic,Maintenance,Critical,,,,test
falcon-0058,Heavy duty extension cord in seminar auditorium has frayed burnt rubber insulation several people have pointed this out.,Electrical,High,Electrical,High,approved,Existing Falcon Mail label retained.,Electrical Maintenance Services,,falcon:T_ELC_013,falcon:T_ELC_013,falcon_mail_v1,58,synthetic,Electrical,High,,,,test
falcon-0059,Sewer gases backing up through drainage grates in ground floor corridor since yesterday morning.,Plumbing,Medium,Plumbing,Medium,approved,Existing Falcon Mail label retained.,Plumbing Services,,falcon:T_PLM_012,falcon:T_PLM_012,falcon_mail_v1,59,synthetic,Plumbing,Medium,,,,validation
falcon-0060,Hot water heater system in student residential hostel is completely cold several people have pointed this out.,Plumbing,Low,Plumbing,Low,approved,Existing Falcon Mail label retained.,Plumbing Services,,falcon:T_PLM_006,falcon:T_PLM_006,falcon_mail_v1,60,synthetic,Plumbing,Low,,,,train
falcon-0061,The main entry door of the Chemistry department is jammed shut noticed by several students.,Maintenance,Medium,Maintenance,Medium,approved,Existing Falcon Mail label retained.,Facilities Management & Maintenance,,falcon:T_MNT_009,falcon:T_MNT_009,falcon_mail_v1,61,synthetic,Maintenance,Medium,,,,validation
falcon-0062,Hostel security caution deposit refund has not been released post-checkout.,Administration,Medium,Administration,Medium,approved,Existing Falcon Mail label retained.,General Administration,,falcon:T_ADM_015,falcon:T_ADM_015,falcon_mail_v1,62,synthetic,Administration,Medium,,,,train
falcon-0063,Squash court door glass panel is loose and vibrating on impact observed during the morning class.,Facilities,Medium,Facilities,Medium,approved,Existing Falcon Mail label retained.,Facilities & Infrastructure,,falcon:T_FAC_020,falcon:T_FAC_020,falcon_mail_v1,63,synthetic,Facilities,Medium,,,,train
falcon-0064,Ethernet network port in faculty office 215 has been physically loose and broken.,IT,Low,IT,Low,approved,Existing Falcon Mail label retained.,IT Support & Services,,falcon:T_IT_012,falcon:T_IT_012,falcon_mail_v1,64,synthetic,IT,Low,,,,test
falcon-0065,Whiteboard in Room 205 detached from the wall bracket.,Maintenance,Low,Maintenance,Low,approved,Existing Falcon Mail label retained.,Facilities Management & Maintenance,,falcon:T_MNT_008,falcon:T_MNT_008,falcon_mail_v1,65,synthetic,Maintenance,Low,,,,train
falcon-0066,Indoor sports court synthetic flooring has torn seams creating trip hazards.,Facilities,Medium,Facilities,Medium,approved,Existing Falcon Mail label retained.,Facilities & Infrastructure,,falcon:T_FAC_006,falcon:T_FAC_006,falcon_mail_v1,66,synthetic,Facilities,Medium,,,,train
falcon-0067,Campus parking lot B is congested due to non-permitted external commercial vehicles affecting people in the area.,Transport,Low,Transport,Low,approved,Existing Falcon Mail label retained.,Transport & Parking Department,,falcon:T_TRN_005,falcon:T_TRN_005,falcon_mail_v1,67,synthetic,Transport,Low,,,,test
falcon-0068,Outdoor transformer unit in courtyard making loud buzzing humming sound this has been ongoing since last week.,Electrical,High,Electrical,High,approved,Existing Falcon Mail label retained.,Electrical Maintenance Services,,falcon:T_ELC_019,falcon:T_ELC_019,falcon_mail_v1,68,synthetic,Electrical,High,,,,train
falcon-0069,Waste bins near Block A entrance are overflowing with rotting food scraps.,Cleanliness,Low,Cleanliness,Low,approved,Existing Falcon Mail label retained.,Housekeeping & Janitorial Services,,falcon:T_CLN_002,falcon:T_CLN_002,falcon_mail_v1,69,synthetic,Cleanliness,Low,,,,train
falcon-0070,VPN authentication server is rejecting valid student credentials.,IT,High,IT,High,approved,Existing Falcon Mail label retained.,IT Support & Services,,falcon:T_IT_016,falcon:T_IT_016,falcon_mail_v1,70,synthetic,IT,High,,,,train
falcon-0071,Smoke detector in dormitory Room 201 has been tampered with and covered causing inconvenience to students and staff.,Safety,High,Safety,High,approved,Existing Falcon Mail label retained.,Campus Security & Safety Office,,falcon:T_SAF_018,falcon:T_SAF_018,falcon_mail_v1,71,synthetic,Safety,High,,,,train
falcon-0072,Central heating in dormitory blocks during cold weather has been non-functional.,Facilities,High,Facilities,High,approved,Existing Falcon Mail label retained.,Facilities & Infrastructure,,falcon:T_FAC_019,falcon:T_FAC_019,falcon_mail_v1,72,synthetic,Facilities,High,,,,train
falcon-0073,Instructor was absent without notice for the scheduled 9 AM mathematics lecture.,Academic,Medium,Academic,Medium,approved,Existing Falcon Mail label retained.,Academic Affairs & Registrar,,falcon:T_ACD_004,falcon:T_ACD_004,falcon_mail_v1,73,synthetic,Academic,Medium,,,,validation
falcon-0074,Floor tiles in the central corridor are cracked creating an uneven surface reported earlier today.,Maintenance,Medium,Maintenance,Medium,approved,Existing Falcon Mail label retained.,Facilities Management & Maintenance,,falcon:T_MNT_011,falcon:T_MNT_011,falcon_mail_v1,74,synthetic,Maintenance,Medium,,,,train
falcon-0075,Graffiti scrawled on hallway walls in Block D second floor several people have pointed this out.,Cleanliness,Low,Cleanliness,Low,approved,Existing Falcon Mail label retained.,Housekeeping & Janitorial Services,,falcon:T_CLN_017,falcon:T_CLN_017,falcon_mail_v1,75,synthetic,Cleanliness,Low,,,,train
falcon-0076,Emergency evacuation lighting units failed to activate during power cut noticed by several students.,Electrical,High,Electrical,High,approved,Existing Falcon Mail label retained.,Electrical Maintenance Services,,falcon:T_ELC_011,falcon:T_ELC_011,falcon_mail_v1,76,synthetic,Electrical,High,,,,train
falcon-0077,Air conditioning in Lecture Hall 2 stopped working and the room is overheating this has been ongoing since last week.,Maintenance,Medium,Maintenance,Medium,approved,Existing Falcon Mail label retained.,Facilities Management & Maintenance,,falcon:T_MNT_003,falcon:T_MNT_003,falcon_mail_v1,77,synthetic,Maintenance,Medium,,,,validation
falcon-0078,Window blinds in Room 410 are jammed in the lowered position.,Maintenance,Low,Maintenance,Low,approved,Existing Falcon Mail label retained.,Facilities Management & Maintenance,,falcon:T_MNT_010,falcon:T_MNT_010,falcon_mail_v1,78,synthetic,Maintenance,Low,,,,train
falcon-0079,Application status for official transcript issuance has been stuck on pending for weeks for the past two days.,Administration,Medium,Administration,Medium,approved,Existing Falcon Mail label retained.,General Administration,,falcon:T_ADM_004,falcon:T_ADM_004,falcon_mail_v1,79,synthetic,Administration,Medium,,,,train
falcon-0080,Emergency fire exit in lecture theater has been chained shut while smoke alarm has been blaring.,Safety,Critical,Safety,Critical,approved,Existing Falcon Mail label retained.,Campus Security & Safety Office,,falcon:T_EMG_016,falcon:T_EMG_016,falcon_mail_v1,80,synthetic,Safety,Critical,,,,train
falcon-0081,Air conditioning outdoor compressor cable caught fire outside Block D.,Electrical,Critical,Electrical,Critical,approved,Existing Falcon Mail label retained.,Electrical Maintenance Services,,falcon:T_ELC_014,falcon:T_ELC_014,falcon_mail_v1,81,synthetic,Electrical,Critical,,,,train
falcon-0082,Internet speed in the male dormitory has been sluggish since yesterday causing inconvenience to students and staff.,IT,Low,IT,Low,approved,Existing Falcon Mail label retained.,IT Support & Services,,falcon:T_IT_005,falcon:T_IT_005,falcon_mail_v1,82,synthetic,IT,Low,,,,validation
falcon-0083,Automatic sliding glass door at the main entrance is stuck half-open noticed by several students.,Maintenance,Medium,Maintenance,Medium,approved,Existing Falcon Mail label retained.,Facilities Management & Maintenance,,falcon:T_MNT_013,falcon:T_MNT_013,falcon_mail_v1,83,synthetic,Maintenance,Medium,,,,train
falcon-0084,Washroom floor has been flooded with contaminated water and slippery soap lather.,Cleanliness,High,Cleanliness,High,approved,Existing Falcon Mail label retained.,Housekeeping & Janitorial Services,,falcon:T_CLN_008,falcon:T_CLN_008,falcon_mail_v1,84,synthetic,Cleanliness,High,,,,train
falcon-0085,Overhead water pipe dripping directly above computer server racks reported earlier today.,Plumbing,Critical,Plumbing,Critical,approved,Existing Falcon Mail label retained.,Plumbing Services,,falcon:T_PLM_013,falcon:T_PLM_013,falcon_mail_v1,85,synthetic,Plumbing,Critical,,,,train
falcon-0086,Window blinds in Room 410 are jammed in the lowered position this has been ongoing since last week.,Maintenance,Low,Maintenance,Low,approved,Existing Falcon Mail label retained.,Facilities Management & Maintenance,,falcon:T_MNT_010,falcon:T_MNT_010,falcon_mail_v1,86,synthetic,Maintenance,Low,,,,train
falcon-0087,Water pressure in dormitory showers dropped to a trickle for the past two days.,Plumbing,Low,Plumbing,Low,approved,Existing Falcon Mail label retained.,Plumbing Services,,falcon:T_PLM_020,falcon:T_PLM_020,falcon_mail_v1,87,synthetic,Plumbing,Low,,,,train
falcon-0088,Flush cistern mechanism in girls restroom floor 1 running continuously.,Plumbing,Low,Plumbing,Low,approved,Existing Falcon Mail label retained.,Plumbing Services,,falcon:T_PLM_007,falcon:T_PLM_007,falcon_mail_v1,88,synthetic,Plumbing,Low,,,,validation
falcon-0089,Shuttle bus headlamp is dead on the driver side during night service.,Transport,High,Transport,High,approved,Existing Falcon Mail label retained.,Transport & Parking Department,,falcon:T_TRN_016,falcon:T_TRN_016,falcon_mail_v1,89,synthetic,Transport,High,,,,train
falcon-0090,Bicycle lane along the campus perimeter is blocked by maintenance machinery.,Transport,Low,Transport,Low,approved,Existing Falcon Mail label retained.,Transport & Parking Department,,falcon:T_TRN_017,falcon:T_TRN_017,falcon_mail_v1,90,synthetic,Transport,Low,,,,test
falcon-0091,Construction debris with exposed sharp rusty nails left open along walkway.,Safety,High,Safety,High,approved,Existing Falcon Mail label retained.,Campus Security & Safety Office,,falcon:T_SAF_016,falcon:T_SAF_016,falcon_mail_v1,91,synthetic,Safety,High,,,,validation
falcon-0092,Live 400V electrical wire touching metal staircase handrail is shocking students.,Electrical,Critical,Electrical,Critical,approved,Existing Falcon Mail label retained.,Electrical Maintenance Services,,falcon:T_EMG_007,falcon:T_EMG_007,falcon_mail_v1,92,synthetic,Electrical,Critical,,,,train
falcon-0093,My learning portal has been not displaying registered subjects and exam starts tomorrow morning.,Academic,High,Academic,High,approved,Existing Falcon Mail label retained.,Academic Affairs & Registrar,,falcon:T_ACD_001,falcon:T_ACD_001,falcon_mail_v1,93,synthetic,Academic,High,,,,validation
falcon-0094,Only one cashier counter is operating at student finance resulting in massive queues causing inconvenience to students and staff.,Administration,Low,Administration,Low,approved,Existing Falcon Mail label retained.,General Administration,,falcon:T_ADM_002,falcon:T_ADM_002,falcon_mail_v1,94,synthetic,Administration,Low,,,,train
falcon-0095,Main electrical distribution panel in basement is producing visible arcing sparks.,Electrical,Critical,Electrical,Critical,approved,Existing Falcon Mail label retained.,Electrical Maintenance Services,,falcon:T_ELC_010,falcon:T_ELC_010,falcon_mail_v1,95,synthetic,Electrical,Critical,,,,validation
falcon-0096,Smoke and flames venting from elevator shaft into fourth floor residential dorm corridor.,Safety,Critical,Safety,Critical,approved,Existing Falcon Mail label retained.,Campus Security & Safety Office,,falcon:T_EMG_021,falcon:T_EMG_021,falcon_mail_v1,96,synthetic,Safety,Critical,,,,train
falcon-0097,Central auditorium ventilation system has been blowing hot dusty air.,Facilities,Medium,Facilities,Medium,approved,Existing Falcon Mail label retained.,Facilities & Infrastructure,,falcon:T_FAC_007,falcon:T_FAC_007,falcon_mail_v1,97,synthetic,Facilities,Medium,,,,train
falcon-0098,All computers in Lab 204 have been frozen and displaying a blue screen crash error.,IT,High,IT,High,approved,Existing Falcon Mail label retained.,IT Support & Services,,falcon:T_IT_004,falcon:T_IT_004,falcon_mail_v1,98,synthetic,IT,High,,,,train
falcon-0099,Pigeon droppings accumulated across windowsills and desks in Block C.,Cleanliness,Low,Cleanliness,Low,approved,Existing Falcon Mail label retained.,Housekeeping & Janitorial Services,,falcon:T_CLN_003,falcon:T_CLN_003,falcon_mail_v1,99,synthetic,Cleanliness,Low,,,,train
falcon-0100,Live 400V electrical wire touching metal staircase handrail is shocking students this has been ongoing since last week.,Electrical,Critical,Electrical,Critical,approved,Existing Falcon Mail label retained.,Electrical Maintenance Services,,falcon:T_EMG_007,falcon:T_EMG_007,falcon_mail_v1,100,synthetic,Electrical,Critical,,,,train
falcon-0101,Medical clinic biohazard waste container left unsealed in common reception reported earlier today.,Cleanliness,High,Cleanliness,High,approved,Existing Falcon Mail label retained.,Housekeeping & Janitorial Services,,falcon:T_CLN_010,falcon:T_CLN_010,falcon_mail_v1,101,synthetic,Cleanliness,High,,,,test
falcon-0102,Autoclave pressure vessel exploded in biological sciences building shattering adjacent walls.,Safety,Critical,Safety,Critical,approved,Existing Falcon Mail label retained.,Campus Security & Safety Office,,falcon:T_EMG_029,falcon:T_EMG_029,falcon_mail_v1,102,synthetic,Safety,Critical,,,,train
falcon-0103,Air conditioning inside university commuter bus 5 has been defective.,Transport,Low,Transport,Low,approved,Existing Falcon Mail label retained.,Transport & Parking Department,,falcon:T_TRN_003,falcon:T_TRN_003,falcon_mail_v1,103,synthetic,Transport,Low,,,,train
falcon-0104,Exhaust ventilation fan in the workshop has been screeching loudly.,Maintenance,Medium,Maintenance,Medium,approved,Existing Falcon Mail label retained.,Facilities Management & Maintenance,,falcon:T_MNT_012,falcon:T_MNT_012,falcon_mail_v1,104,synthetic,Maintenance,Medium,,,,train
falcon-0105,Inquiry regarding procedure for campus locker deposit return.,Other,Low,Other,Low,approved,Existing Falcon Mail label retained.,General Services / Helpdesk,,falcon:T_OTH_016,falcon:T_OTH_016,falcon_mail_v1,105,synthetic,Other,Low,,,,train
falcon-0106,Floor ceiling collapse in student common room with falling masonry and exposed rebar.,Maintenance,Critical,Maintenance,Critical,approved,Existing Falcon Mail label retained.,Facilities Management & Maintenance,,falcon:T_EMG_034,falcon:T_EMG_034,falcon_mail_v1,106,synthetic,Maintenance,Critical,,,,validation
falcon-0107,Financial hold on portal preventing exam hall ticket download after paying dues noticed by several students.,Administration,High,Administration,High,approved,Existing Falcon Mail label retained.,General Administration,,falcon:T_ADM_018,falcon:T_ADM_018,falcon_mail_v1,107,synthetic,Administration,High,,,,train
falcon-0108,Emergency fire exit in lecture theater is chained shut while smoke alarm is blaring.,Safety,Critical,Safety,Critical,approved,Existing Falcon Mail label retained.,Campus Security & Safety Office,,falcon:T_EMG_016,falcon:T_EMG_016,falcon_mail_v1,108,synthetic,Safety,Critical,,,,train
falcon-0109,Unidentified person without visitor badge wandering inside student dormitories affecting people in the area.,Safety,High,Safety,High,approved,Existing Falcon Mail label retained.,Campus Security & Safety Office,,falcon:T_SAF_014,falcon:T_SAF_014,falcon_mail_v1,109,synthetic,Safety,High,,,,train
falcon-0110,Prerequisite waiver has not been processed on the portal blocking graduation registration noticed by several students.,Academic,High,Academic,High,approved,Existing Falcon Mail label retained.,Academic Affairs & Registrar,,falcon:T_ACD_014,falcon:T_ACD_014,falcon_mail_v1,110,synthetic,Academic,High,,,,train
falcon-0111,Balcony protective railing on 4th floor Block C is structurally compromised.,Safety,Critical,Safety,Critical,approved,Existing Falcon Mail label retained.,Campus Security & Safety Office,,falcon:T_SAF_020,falcon:T_SAF_020,falcon_mail_v1,111,synthetic,Safety,Critical,,,,validation
falcon-0112,Fire extinguisher in the Chemistry lab is missing from its designated wall mount affecting people in the area.,Safety,High,Safety,High,approved,Existing Falcon Mail label retained.,Campus Security & Safety Office,,falcon:T_SAF_002,falcon:T_SAF_002,falcon_mail_v1,112,synthetic,Safety,High,,,,train
falcon-0113,Gymnasium pulley cable snapped during a workout posing severe hazard.,Facilities,High,Facilities,High,approved,Existing Falcon Mail label retained.,Facilities & Infrastructure,,falcon:T_FAC_005,falcon:T_FAC_005,falcon_mail_v1,113,synthetic,Facilities,High,,,,train
falcon-0114,Rapidly spreading polymer fire inside engineering rapid prototyping 3D printing lab.,Safety,Critical,Safety,Critical,approved,Existing Falcon Mail label retained.,Campus Security & Safety Office,,falcon:T_EMG_024,falcon:T_EMG_024,falcon_mail_v1,114,synthetic,Safety,Critical,,,,train
falcon-0115,Faculty feedback evaluation form link is throwing a session timeout error reported earlier today.,Academic,Medium,Academic,Medium,approved,Existing Falcon Mail label retained.,Academic Affairs & Registrar,,falcon:T_ACD_008,falcon:T_ACD_008,falcon_mail_v1,115,synthetic,Academic,Medium,,,,test
falcon-0116,Two-ton sliding iron entrance gate slipped off track and pinned a student observed during the morning class.,Safety,Critical,Safety,Critical,approved,Existing Falcon Mail label retained.,Campus Security & Safety Office,,falcon:T_EMG_023,falcon:T_EMG_023,falcon_mail_v1,116,synthetic,Safety,Critical,,,,train
falcon-0117,Black mildew patches spreading across shower stalls in dorm building 2 which is affecting normal activities.,Cleanliness,Medium,Cleanliness,Medium,approved,Existing Falcon Mail label retained.,Housekeeping & Janitorial Services,,falcon:T_CLN_013,falcon:T_CLN_013,falcon_mail_v1,117,synthetic,Cleanliness,Medium,,,,train
falcon-0118,The main entry door of the Chemistry department has been jammed shut.,Maintenance,Medium,Maintenance,Medium,approved,Existing Falcon Mail label retained.,Facilities Management & Maintenance,,falcon:T_MNT_009,falcon:T_MNT_009,falcon_mail_v1,118,synthetic,Maintenance,Medium,,,,validation
falcon-0119,Hot water heater system in student residential hostel is completely cold.,Plumbing,Low,Plumbing,Low,approved,Existing Falcon Mail label retained.,Plumbing Services,,falcon:T_PLM_006,falcon:T_PLM_006,falcon_mail_v1,119,synthetic,Plumbing,Low,,,,train
falcon-0120,No Objection Certificate document for mandatory internship visa has been pending approval for weeks.,Administration,Medium,Administration,Medium,approved,Existing Falcon Mail label retained.,General Administration,,falcon:T_ADM_007,falcon:T_ADM_007,falcon_mail_v1,120,synthetic,Administration,Medium,,,,train
falcon-0121,Spelling error in student name printed on degree certificate verification draft this has been ongoing since last week.,Academic,High,Academic,High,approved,Existing Falcon Mail label retained.,Academic Affairs & Registrar,,falcon:T_ACD_019,falcon:T_ACD_019,falcon_mail_v1,121,synthetic,Academic,High,,,,validation
falcon-0122,Sewer gases backing up through drainage grates in ground floor corridor.,Plumbing,Medium,Plumbing,Medium,approved,Existing Falcon Mail label retained.,Plumbing Services,,falcon:T_PLM_012,falcon:T_PLM_012,falcon_mail_v1,122,synthetic,Plumbing,Medium,,,,validation
falcon-0123,Drinking water dispenser on 3rd floor is dispensing unchilled warm water.,Facilities,Low,Facilities,Low,approved,Existing Falcon Mail label retained.,Facilities & Infrastructure,,falcon:T_FAC_003,falcon:T_FAC_003,falcon_mail_v1,123,synthetic,Facilities,Low,,,,train
falcon-0124,CCTV security camera covering the female dormitory entrance is damaged affecting people in the area.,Safety,High,Safety,High,approved,Existing Falcon Mail label retained.,Campus Security & Safety Office,,falcon:T_SAF_012,falcon:T_SAF_012,falcon_mail_v1,124,synthetic,Safety,High,,,,train
falcon-0125,Parking payment kiosk took cash note but did not dispense an exit validation ticket several people have pointed this out.,Transport,Low,Transport,Low,approved,Existing Falcon Mail label retained.,Transport & Parking Department,,falcon:T_TRN_013,falcon:T_TRN_013,falcon_mail_v1,125,synthetic,Transport,Low,,,,validation
falcon-0126,The main entry door of the Chemistry department is jammed shut.,Maintenance,Medium,Maintenance,Medium,approved,Existing Falcon Mail label retained.,Facilities Management & Maintenance,,falcon:T_MNT_009,falcon:T_MNT_009,falcon_mail_v1,126,synthetic,Maintenance,Medium,,,,validation
falcon-0127,Chemical fume extraction system stopped running while volatile cyanide compounds were being handled.,Safety,Critical,Safety,Critical,approved,Existing Falcon Mail label retained.,Campus Security & Safety Office,,falcon:T_EMG_032,falcon:T_EMG_032,falcon_mail_v1,127,synthetic,Safety,Critical,,,,train
falcon-0128,Hazardous chemical spill of unidentified liquid reported in Chemistry Lab 3.,Safety,Critical,Safety,Critical,approved,Existing Falcon Mail label retained.,Campus Security & Safety Office,,falcon:T_SAF_006,falcon:T_SAF_006,falcon_mail_v1,128,synthetic,Safety,Critical,,,,test
falcon-0129,Door handle of the rest room on the 3rd floor came off completely reported earlier today.,Maintenance,Low,Maintenance,Low,approved,Existing Falcon Mail label retained.,Facilities Management & Maintenance,,falcon:T_MNT_015,falcon:T_MNT_015,falcon_mail_v1,129,synthetic,Maintenance,Low,,,,train
falcon-0130,Complete water supply disruption in washrooms of Block B second floor.,Facilities,High,Facilities,High,approved,Existing Falcon Mail label retained.,Facilities & Infrastructure,,falcon:T_FAC_001,falcon:T_FAC_001,falcon_mail_v1,130,synthetic,Facilities,High,,,,test
falcon-0131,Desks and chairs in Room 102 have wobbly legs and damaged surfaces.,Maintenance,Low,Maintenance,Low,approved,Existing Falcon Mail label retained.,Facilities Management & Maintenance,,falcon:T_MNT_006,falcon:T_MNT_006,falcon_mail_v1,131,synthetic,Maintenance,Low,,,,test
falcon-0132,Smartboard in Room 402 is unresponsive to touch input and digital pen.,IT,Medium,IT,Medium,approved,Existing Falcon Mail label retained.,IT Support & Services,,falcon:T_IT_007,falcon:T_IT_007,falcon_mail_v1,132,synthetic,IT,Medium,,,,test
falcon-0133,Recommended textbooks for Engineering Physics are out of stock in the campus library reported earlier today.,Academic,Low,Academic,Low,approved,Existing Falcon Mail label retained.,Academic Affairs & Registrar,,falcon:T_ACD_006,falcon:T_ACD_006,falcon_mail_v1,133,synthetic,Academic,Low,,,,train
falcon-0134,Paper re-evaluation submission portal has closed ahead of the officially announced date noticed by several students.,Academic,High,Academic,High,approved,Existing Falcon Mail label retained.,Academic Affairs & Registrar,,falcon:T_ACD_017,falcon:T_ACD_017,falcon_mail_v1,134,synthetic,Academic,High,,,,validation
falcon-0135,Corridor wall plaster in Block A is peeling and dropping debris on the floor.,Maintenance,Low,Maintenance,Low,approved,Existing Falcon Mail label retained.,Facilities Management & Maintenance,,falcon:T_MNT_014,falcon:T_MNT_014,falcon_mail_v1,135,synthetic,Maintenance,Low,,,,train
falcon-0136,Noisy structural drilling outside library during mid-semester examination hours for the past two days.,Other,Medium,Other,Medium,approved,Existing Falcon Mail label retained.,General Services / Helpdesk,,falcon:T_OTH_005,falcon:T_OTH_005,falcon_mail_v1,136,synthetic,Other,Medium,,,,train
falcon-0137,Pedestrian pathway behind the sports arena has no functioning street lighting at night several people have pointed this out.,Safety,High,Safety,High,approved,Existing Falcon Mail label retained.,Campus Security & Safety Office,,falcon:T_SAF_005,falcon:T_SAF_005,falcon_mail_v1,137,synthetic,Safety,High,,,,train
falcon-0138,Graffiti scrawled on hallway walls in Block D second floor.,Cleanliness,Low,Cleanliness,Low,approved,Existing Falcon Mail label retained.,Housekeeping & Janitorial Services,,falcon:T_CLN_017,falcon:T_CLN_017,falcon_mail_v1,138,synthetic,Cleanliness,Low,,,,train
falcon-0139,Outdoor lamppost base near library pathway has exposed energized wires since yesterday morning.,Electrical,Critical,Electrical,Critical,approved,Existing Falcon Mail label retained.,Electrical Maintenance Services,,falcon:T_ELC_006,falcon:T_ELC_006,falcon_mail_v1,139,synthetic,Electrical,Critical,,,,train
falcon-0140,The campus wireless signal has been completely dead in the science building basement.,IT,Medium,IT,Medium,approved,Existing Falcon Mail label retained.,IT Support & Services,,falcon:T_IT_013,falcon:T_IT_013,falcon_mail_v1,140,synthetic,IT,Medium,,,,validation
falcon-0141,The Wi-Fi network keeps disconnecting every few minutes in Computer Lab 3.,IT,Medium,IT,Medium,approved,Existing Falcon Mail label retained.,IT Support & Services,,falcon:T_IT_001,falcon:T_IT_001,falcon_mail_v1,141,synthetic,IT,Medium,,,,test
falcon-0142,Chemical fume extraction system stopped running while volatile cyanide compounds were being handled for the past two days.,Safety,Critical,Safety,Critical,approved,Existing Falcon Mail label retained.,Campus Security & Safety Office,,falcon:T_EMG_032,falcon:T_EMG_032,falcon_mail_v1,142,synthetic,Safety,Critical,,,,train
falcon-0143,Violent chemical explosion in research synthesis lab with shattered glass and injured technician.,Safety,Critical,Safety,Critical,approved,Existing Falcon Mail label retained.,Campus Security & Safety Office,,falcon:T_EMG_008,falcon:T_EMG_008,falcon_mail_v1,143,synthetic,Safety,Critical,,,,validation
falcon-0144,Squash court door glass panel has been loose and vibrating on impact.,Facilities,Medium,Facilities,Medium,approved,Existing Falcon Mail label retained.,Facilities & Infrastructure,,falcon:T_FAC_020,falcon:T_FAC_020,falcon_mail_v1,144,synthetic,Facilities,Medium,,,,train
falcon-0145,Common room furniture upholstery is shredded and dirty.,Facilities,Low,Facilities,Low,approved,Existing Falcon Mail label retained.,Facilities & Infrastructure,,falcon:T_FAC_016,falcon:T_FAC_016,falcon_mail_v1,145,synthetic,Facilities,Low,,,,test
falcon-0146,Bicycle lane along the campus perimeter is blocked by maintenance machinery noticed by several students.,Transport,Low,Transport,Low,approved,Existing Falcon Mail label retained.,Transport & Parking Department,,falcon:T_TRN_017,falcon:T_TRN_017,falcon_mail_v1,146,synthetic,Transport,Low,,,,test
falcon-0147,Driver bypassed scheduled student stop leaving ten students stranded.,Transport,Medium,Transport,Medium,approved,Existing Falcon Mail label retained.,Transport & Parking Department,,falcon:T_TRN_018,falcon:T_TRN_018,falcon_mail_v1,147,synthetic,Transport,Medium,,,,train
falcon-0148,Microphone sound system in Auditorium B has been corrupted with heavy static noise.,IT,Low,IT,Low,approved,Existing Falcon Mail label retained.,IT Support & Services,,falcon:T_IT_009,falcon:T_IT_009,falcon_mail_v1,148,synthetic,IT,Low,,,,validation
falcon-0149,Water is leaking from ceiling tiles near cafeteria and floor is slippery which is affecting normal activities.,Plumbing,High,Plumbing,High,approved,Existing Falcon Mail label retained.,Plumbing Services,,falcon:T_PLM_001,falcon:T_PLM_001,falcon_mail_v1,149,synthetic,Plumbing,High,,,,train
falcon-0150,Pedestrian pathway behind the sports arena has no functioning street lighting at night.,Safety,High,Safety,High,approved,Existing Falcon Mail label retained.,Campus Security & Safety Office,,falcon:T_SAF_005,falcon:T_SAF_005,falcon_mail_v1,150,synthetic,Safety,High,,,,train
falcon-0151,Corridor wall plaster in Block A is peeling and dropping debris on the floor causing inconvenience to students and staff.,Maintenance,Low,Maintenance,Low,approved,Existing Falcon Mail label retained.,Facilities Management & Maintenance,,falcon:T_MNT_014,falcon:T_MNT_014,falcon_mail_v1,151,synthetic,Maintenance,Low,,,,train
falcon-0152,Stench of rotting garbage emanating from dumpsters behind the student canteen.,Cleanliness,Medium,Cleanliness,Medium,approved,Existing Falcon Mail label retained.,Housekeeping & Janitorial Services,,falcon:T_CLN_006,falcon:T_CLN_006,falcon_mail_v1,152,synthetic,Cleanliness,Medium,,,,train
falcon-0153,Stairwell landings in Science Block floor 3 are covered in mud and litter.,Cleanliness,Low,Cleanliness,Low,approved,Existing Falcon Mail label retained.,Housekeeping & Janitorial Services,,falcon:T_CLN_007,falcon:T_CLN_007,falcon_mail_v1,153,synthetic,Cleanliness,Low,,,,validation
falcon-0154,Campus e-learning portal crashed right during the online assignment submission window.,IT,High,IT,High,approved,Existing Falcon Mail label retained.,IT Support & Services,,falcon:T_IT_008,falcon:T_IT_008,falcon_mail_v1,154,synthetic,IT,High,,,,train
falcon-0155,Accessible disabled parking spaces near reception are routinely blocked by unauthorized cars for the past two days.,Transport,Medium,Transport,Medium,approved,Existing Falcon Mail label retained.,Transport & Parking Department,,falcon:T_TRN_015,falcon:T_TRN_015,falcon_mail_v1,155,synthetic,Transport,Medium,,,,validation
falcon-0156,Metal lockers in the sports pavilion have jammed rusted padlocks.,Facilities,Low,Facilities,Low,approved,Existing Falcon Mail label retained.,Facilities & Infrastructure,,falcon:T_FAC_011,falcon:T_FAC_011,falcon_mail_v1,156,synthetic,Facilities,Low,,,,validation
falcon-0157,Smoke detector in dormitory Room 201 has been tampered with and covered.,Safety,High,Safety,High,approved,Existing Falcon Mail label retained.,Campus Security & Safety Office,,falcon:T_SAF_018,falcon:T_SAF_018,falcon_mail_v1,157,synthetic,Safety,High,,,,train
falcon-0158,Shuttle bus headlamp is dead on the driver side during night service since yesterday morning.,Transport,High,Transport,High,approved,Existing Falcon Mail label retained.,Transport & Parking Department,,falcon:T_TRN_016,falcon:T_TRN_016,falcon_mail_v1,158,synthetic,Transport,High,,,,train
falcon-0159,Overhead lighting fixtures in ground floor corridor are dead leaving area dark.,Electrical,Medium,Electrical,Medium,approved,Existing Falcon Mail label retained.,Electrical Maintenance Services,,falcon:T_ELC_015,falcon:T_ELC_015,falcon_mail_v1,159,synthetic,Electrical,Medium,,,,train
falcon-0160,Violent chemical explosion in research synthesis lab with shattered glass and injured technician several people have pointed this out.,Safety,Critical,Safety,Critical,approved,Existing Falcon Mail label retained.,Campus Security & Safety Office,,falcon:T_EMG_008,falcon:T_EMG_008,falcon_mail_v1,160,synthetic,Safety,Critical,,,,validation
falcon-0161,Electric water geyser in sports locker room blew its internal fuse.,Electrical,Medium,Electrical,Medium,approved,Existing Falcon Mail label retained.,Electrical Maintenance Services,,falcon:T_ELC_017,falcon:T_ELC_017,falcon_mail_v1,161,synthetic,Electrical,Medium,,,,train
falcon-0162,Immigration visa renewal documents not processed before expiry date noticed by several students.,Administration,High,Administration,High,approved,Existing Falcon Mail label retained.,General Administration,,falcon:T_ADM_020,falcon:T_ADM_020,falcon_mail_v1,162,synthetic,Administration,High,,,,train
falcon-0163,Bus shelter canopy has been leaking water heavily during rainy weather.,Transport,Low,Transport,Low,approved,Existing Falcon Mail label retained.,Transport & Parking Department,,falcon:T_TRN_007,falcon:T_TRN_007,falcon_mail_v1,163,synthetic,Transport,Low,,,,train
falcon-0164,Severe flash flooding rapidly submerging basement computer laboratory trapping students.,Safety,Critical,Safety,Critical,approved,Existing Falcon Mail label retained.,Campus Security & Safety Office,,falcon:T_EMG_011,falcon:T_EMG_011,falcon_mail_v1,164,synthetic,Safety,Critical,,,,train
falcon-0165,Sawdust combustible explosion occurred in campus carpentry workshop with burning embers.,Safety,Critical,Safety,Critical,approved,Existing Falcon Mail label retained.,Campus Security & Safety Office,,falcon:T_EMG_026,falcon:T_EMG_026,falcon_mail_v1,165,synthetic,Safety,Critical,,,,train
falcon-0166,The door lock in Room 304 is broken and the door cannot latch shut causing inconvenience to students and staff.,Maintenance,Medium,Maintenance,Medium,approved,Existing Falcon Mail label retained.,Facilities Management & Maintenance,,falcon:T_MNT_001,falcon:T_MNT_001,falcon_mail_v1,166,synthetic,Maintenance,Medium,,,,train
falcon-0167,Late payment penalty fee levied despite proof of payment before deadline date.,Administration,High,Administration,High,approved,Existing Falcon Mail label retained.,General Administration,,falcon:T_ADM_011,falcon:T_ADM_011,falcon_mail_v1,167,synthetic,Administration,High,,,,test
falcon-0168,HDMI cable attached to the teaching podium in Room 210 has been torn.,IT,Low,IT,Low,approved,Existing Falcon Mail label retained.,IT Support & Services,,falcon:T_IT_018,falcon:T_IT_018,falcon_mail_v1,168,synthetic,IT,Low,,,,validation
falcon-0169,Outdoor seating benches in the courtyard have broken wooden slats.,Maintenance,Low,Maintenance,Low,approved,Existing Falcon Mail label retained.,Facilities Management & Maintenance,,falcon:T_MNT_016,falcon:T_MNT_016,falcon_mail_v1,169,synthetic,Maintenance,Low,,,,train
falcon-0170,University transport mobile application is failing to transmit live GPS location this has been ongoing since last week.,Transport,Low,Transport,Low,approved,Existing Falcon Mail label retained.,Transport & Parking Department,,falcon:T_TRN_008,falcon:T_TRN_008,falcon_mail_v1,170,synthetic,Transport,Low,,,,test
falcon-0171,Fire extinguisher in the Chemistry lab is missing from its designated wall mount.,Safety,High,Safety,High,approved,Existing Falcon Mail label retained.,Campus Security & Safety Office,,falcon:T_SAF_002,falcon:T_SAF_002,falcon_mail_v1,171,synthetic,Safety,High,,,,train
falcon-0172,Bus automated pneumatic door jammed shut trapping passenger backpack.,Transport,High,Transport,High,approved,Existing Falcon Mail label retained.,Transport & Parking Department,,falcon:T_TRN_012,falcon:T_TRN_012,falcon_mail_v1,172,synthetic,Transport,High,,,,train
falcon-0173,Main electrical switchboard room caught fire plunging campus hospital block into total blackout noticed by several students.,Electrical,Critical,Electrical,Critical,approved,Existing Falcon Mail label retained.,Electrical Maintenance Services,,falcon:T_EMG_035,falcon:T_EMG_035,falcon_mail_v1,173,synthetic,Electrical,Critical,,,,train
falcon-0174,Gutter downspout cracked and pouring rainwater against laboratory foundation.,Plumbing,Medium,Plumbing,Medium,approved,Existing Falcon Mail label retained.,Plumbing Services,,falcon:T_PLM_017,falcon:T_PLM_017,falcon_mail_v1,174,synthetic,Plumbing,Medium,,,,train
falcon-0175,Wall socket switch plate is cracked in dormitory room 112.,Electrical,Low,Electrical,Low,approved,Existing Falcon Mail label retained.,Electrical Maintenance Services,,falcon:T_ELC_020,falcon:T_ELC_020,falcon_mail_v1,175,synthetic,Electrical,Low,,,,train
falcon-0176,Lost blue student backpack containing textbooks near the sports ground bleachers affecting people in the area.,Other,Low,Other,Low,approved,Existing Falcon Mail label retained.,General Services / Helpdesk,,falcon:T_OTH_015,falcon:T_OTH_015,falcon_mail_v1,176,synthetic,Other,Low,,,,validation
falcon-0177,Carpet in the seminar room has a persistent damp musty smell.,Cleanliness,Low,Cleanliness,Low,approved,Existing Falcon Mail label retained.,Housekeeping & Janitorial Services,,falcon:T_CLN_016,falcon:T_CLN_016,falcon_mail_v1,177,synthetic,Cleanliness,Low,,,,train
falcon-0178,Severe toxic chlorine gas leak detected from the aquatic center filtration plant reported earlier today.,Safety,Critical,Safety,Critical,approved,Existing Falcon Mail label retained.,Campus Security & Safety Office,,falcon:T_EMG_005,falcon:T_EMG_005,falcon_mail_v1,178,synthetic,Safety,Critical,,,,train
falcon-0179,Fluorescent ceiling tubes in Room 302 are flickering violently causing headaches causing inconvenience to students and staff.,Electrical,Low,Electrical,Low,approved,Existing Falcon Mail label retained.,Electrical Maintenance Services,,falcon:T_ELC_002,falcon:T_ELC_002,falcon_mail_v1,179,synthetic,Electrical,Low,,,,train
falcon-0180,Air conditioning inside university commuter bus 5 is defective which is affecting normal activities.,Transport,Low,Transport,Low,approved,Existing Falcon Mail label retained.,Transport & Parking Department,,falcon:T_TRN_003,falcon:T_TRN_003,falcon_mail_v1,180,synthetic,Transport,Low,,,,train
falcon-0181,Fourth floor concrete balcony balustrade has detached and has been hanging precariously over walkway.,Maintenance,Critical,Maintenance,Critical,approved,Existing Falcon Mail label retained.,Facilities Management & Maintenance,,falcon:T_EMG_012,falcon:T_EMG_012,falcon_mail_v1,181,synthetic,Maintenance,Critical,,,,train
falcon-0182,Desks and chairs in Room 102 have wobbly legs and damaged surfaces affecting people in the area.,Maintenance,Low,Maintenance,Low,approved,Existing Falcon Mail label retained.,Facilities Management & Maintenance,,falcon:T_MNT_006,falcon:T_MNT_006,falcon_mail_v1,182,synthetic,Maintenance,Low,,,,test
falcon-0183,Underground main water supply conduit burst forming a deep trench near courtyard several people have pointed this out.,Plumbing,High,Plumbing,High,approved,Existing Falcon Mail label retained.,Plumbing Services,,falcon:T_PLM_008,falcon:T_PLM_008,falcon_mail_v1,183,synthetic,Plumbing,High,,,,test
falcon-0184,Ceiling fan in Room 205 has been wobbling dangerously and making grinding metallic sounds.,Electrical,Medium,Electrical,Medium,approved,Existing Falcon Mail label retained.,Electrical Maintenance Services,,falcon:T_ELC_005,falcon:T_ELC_005,falcon_mail_v1,184,synthetic,Electrical,Medium,,,,train
falcon-0185,Accessible disabled parking spaces near reception are routinely blocked by unauthorized cars.,Transport,Medium,Transport,Medium,approved,Existing Falcon Mail label retained.,Transport & Parking Department,,falcon:T_TRN_015,falcon:T_TRN_015,falcon_mail_v1,185,synthetic,Transport,Medium,,,,validation
falcon-0186,Tuition fee refund request for duplicate transaction is delayed over four weeks.,Administration,Medium,Administration,Medium,approved,Existing Falcon Mail label retained.,General Administration,,falcon:T_ADM_001,falcon:T_ADM_001,falcon_mail_v1,186,synthetic,Administration,Medium,,,,train
falcon-0187,Lost silver wristwatch in the gymnasium changing room.,Other,Low,Other,Low,approved,Existing Falcon Mail label retained.,General Services / Helpdesk,,falcon:T_OTH_019,falcon:T_OTH_019,falcon_mail_v1,187,synthetic,Other,Low,,,,test
falcon-0188,Arc flash explosion inside main 11kV electrical distribution substation knocked technician unconscious several people have pointed this out.,Electrical,Critical,Electrical,Critical,approved,Existing Falcon Mail label retained.,Electrical Maintenance Services,,falcon:T_EMG_019,falcon:T_EMG_019,falcon_mail_v1,188,synthetic,Electrical,Critical,,,,train
falcon-0189,Balcony protective railing on 4th floor Block C is structurally compromised since yesterday morning.,Safety,Critical,Safety,Critical,approved,Existing Falcon Mail label retained.,Campus Security & Safety Office,,falcon:T_SAF_020,falcon:T_SAF_020,falcon_mail_v1,189,synthetic,Safety,Critical,,,,validation
falcon-0190,Security guard post at the East Gate was left completely unmanned overnight.,Safety,Medium,Safety,Medium,approved,Existing Falcon Mail label retained.,Campus Security & Safety Office,,falcon:T_SAF_009,falcon:T_SAF_009,falcon_mail_v1,190,synthetic,Safety,Medium,,,,validation
falcon-0191,Auditorium stage lighting panel emitting burnt plastic smell during rehearsal.,Electrical,High,Electrical,High,approved,Existing Falcon Mail label retained.,Electrical Maintenance Services,,falcon:T_ELC_016,falcon:T_ELC_016,falcon_mail_v1,191,synthetic,Electrical,High,,,,train
falcon-0192,Boiler pressure valve in residential block ruptured spewing hot steam causing inconvenience to students and staff.,Plumbing,High,Plumbing,High,approved,Existing Falcon Mail label retained.,Plumbing Services,,falcon:T_PLM_011,falcon:T_PLM_011,falcon_mail_v1,192,synthetic,Plumbing,High,,,,train
falcon-0193,Recorded lecture video links on the portal are broken and return 404.,Academic,Low,Academic,Low,approved,Existing Falcon Mail label retained.,Academic Affairs & Registrar,,falcon:T_ACD_016,falcon:T_ACD_016,falcon_mail_v1,193,synthetic,Academic,Low,,,,train
falcon-0194,Main structural ceiling beam in the sports hall has cracked and is dropping heavy concrete debris since yesterday morning.,Maintenance,Critical,Maintenance,Critical,approved,Existing Falcon Mail label retained.,Facilities Management & Maintenance,,falcon:T_EMG_003,falcon:T_EMG_003,falcon_mail_v1,194,synthetic,Maintenance,Critical,,,,train
falcon-0195,Driver bypassed scheduled student stop leaving ten students stranded noticed by several students.,Transport,Medium,Transport,Medium,approved,Existing Falcon Mail label retained.,Transport & Parking Department,,falcon:T_TRN_018,falcon:T_TRN_018,falcon_mail_v1,195,synthetic,Transport,Medium,,,,train
falcon-0196,Transcript delivery address was recorded incorrectly by the registrar desk.,Administration,Medium,Administration,Medium,approved,Existing Falcon Mail label retained.,General Administration,,falcon:T_ADM_019,falcon:T_ADM_019,falcon_mail_v1,196,synthetic,Administration,Medium,,,,train
falcon-0197,Gutter downspout cracked and pouring rainwater against laboratory foundation causing inconvenience to students and staff.,Plumbing,Medium,Plumbing,Medium,approved,Existing Falcon Mail label retained.,Plumbing Services,,falcon:T_PLM_017,falcon:T_PLM_017,falcon_mail_v1,197,synthetic,Plumbing,Medium,,,,train
falcon-0198,Student club requesting approval to host blood donation drive in the activity center reported earlier today.,Other,Low,Other,Low,approved,Existing Falcon Mail label retained.,General Services / Helpdesk,,falcon:T_OTH_006,falcon:T_OTH_006,falcon_mail_v1,198,synthetic,Other,Low,,,,test
falcon-0199,Fourth floor concrete balcony balustrade has detached and is hanging precariously over walkway this has been ongoing since last week.,Maintenance,Critical,Maintenance,Critical,approved,Existing Falcon Mail label retained.,Facilities Management & Maintenance,,falcon:T_EMG_012,falcon:T_EMG_012,falcon_mail_v1,199,synthetic,Maintenance,Critical,,,,train
falcon-0200,Cockroaches and insects observed crawling inside hostel food preparation area.,Cleanliness,High,Cleanliness,High,approved,Existing Falcon Mail label retained.,Housekeeping & Janitorial Services,,falcon:T_CLN_009,falcon:T_CLN_009,falcon_mail_v1,200,synthetic,Cleanliness,High,,,,validation
falcon-0201,Outdoor step-down electrical transformer exploded into flames directly beside Block B dormitory reported earlier today.,Electrical,Critical,Electrical,Critical,approved,Existing Falcon Mail label retained.,Electrical Maintenance Services,,falcon:T_EMG_013,falcon:T_EMG_013,falcon_mail_v1,201,synthetic,Electrical,Critical,,,,train
falcon-0202,Hot water heater system in student residential hostel has been completely cold.,Plumbing,Low,Plumbing,Low,approved,Existing Falcon Mail label retained.,Plumbing Services,,falcon:T_PLM_006,falcon:T_PLM_006,falcon_mail_v1,202,synthetic,Plumbing,Low,,,,train
falcon-0203,Aggressive stray dog entered the campus perimeter near the sports ground.,Safety,Medium,Safety,Medium,approved,Existing Falcon Mail label retained.,Campus Security & Safety Office,,falcon:T_SAF_004,falcon:T_SAF_004,falcon_mail_v1,203,synthetic,Safety,Medium,,,,train
falcon-0204,Application status for official transcript issuance has been stuck on pending for weeks.,Administration,Medium,Administration,Medium,approved,Existing Falcon Mail label retained.,General Administration,,falcon:T_ADM_004,falcon:T_ADM_004,falcon_mail_v1,204,synthetic,Administration,Medium,,,,train
falcon-0205,Construction debris with exposed sharp rusty nails left open along walkway since yesterday morning.,Safety,High,Safety,High,approved,Existing Falcon Mail label retained.,Campus Security & Safety Office,,falcon:T_SAF_016,falcon:T_SAF_016,falcon_mail_v1,205,synthetic,Safety,High,,,,validation
falcon-0206,Hand sanitizer dispensers throughout the science block are completely dry several people have pointed this out.,Facilities,Low,Facilities,Low,approved,Existing Falcon Mail label retained.,Facilities & Infrastructure,,falcon:T_FAC_018,falcon:T_FAC_018,falcon_mail_v1,206,synthetic,Facilities,Low,,,,train
falcon-0207,All computers in Lab 204 are frozen and displaying a blue screen crash error.,IT,High,IT,High,approved,Existing Falcon Mail label retained.,IT Support & Services,,falcon:T_IT_004,falcon:T_IT_004,falcon_mail_v1,207,synthetic,IT,High,,,,train
falcon-0208,Lost silver wristwatch in the gymnasium changing room several people have pointed this out.,Other,Low,Other,Low,approved,Existing Falcon Mail label retained.,General Services / Helpdesk,,falcon:T_OTH_019,falcon:T_OTH_019,falcon_mail_v1,208,synthetic,Other,Low,,,,test
falcon-0209,Campus e-learning portal crashed right during the online assignment submission window which is affecting normal activities.,IT,High,IT,High,approved,Existing Falcon Mail label retained.,IT Support & Services,,falcon:T_IT_008,falcon:T_IT_008,falcon_mail_v1,209,synthetic,IT,High,,,,train
falcon-0210,Lecture hall capacity is 40 seats but 65 students are enrolled in the course.,Academic,Medium,Academic,Medium,approved,Existing Falcon Mail label retained.,Academic Affairs & Registrar,,falcon:T_ACD_010,falcon:T_ACD_010,falcon_mail_v1,210,synthetic,Academic,Medium,,,,train
falcon-0211,Main electrical switchboard room caught fire plunging campus hospital block into total blackout.,Electrical,Critical,Electrical,Critical,approved,Existing Falcon Mail label retained.,Electrical Maintenance Services,,falcon:T_EMG_035,falcon:T_EMG_035,falcon_mail_v1,211,synthetic,Electrical,Critical,,,,train
falcon-0212,Window pane in Block C second floor corridor is cracked and loose.,Maintenance,Medium,Maintenance,Medium,approved,Existing Falcon Mail label retained.,Facilities Management & Maintenance,,falcon:T_MNT_002,falcon:T_MNT_002,falcon_mail_v1,212,synthetic,Maintenance,Medium,,,,train
falcon-0213,Drinking water dispenser on 3rd floor is dispensing unchilled warm water this has been ongoing since last week.,Facilities,Low,Facilities,Low,approved,Existing Falcon Mail label retained.,Facilities & Infrastructure,,falcon:T_FAC_003,falcon:T_FAC_003,falcon_mail_v1,213,synthetic,Facilities,Low,,,,train
falcon-0214,Zero water pressure discharging from faucets in chemical engineering lab this has been ongoing since last week.,Plumbing,Medium,Plumbing,Medium,approved,Existing Falcon Mail label retained.,Plumbing Services,,falcon:T_PLM_004,falcon:T_PLM_004,falcon_mail_v1,214,synthetic,Plumbing,Medium,,,,train
falcon-0215,Waste drainage pipe under library washbasin is uncoupled and leaking reported earlier today.,Plumbing,Medium,Plumbing,Medium,approved,Existing Falcon Mail label retained.,Plumbing Services,,falcon:T_PLM_005,falcon:T_PLM_005,falcon_mail_v1,215,synthetic,Plumbing,Medium,,,,train
falcon-0216,Microwave oven in the cafeteria dining area is sparking inside.,Facilities,High,Facilities,High,approved,Existing Falcon Mail label retained.,Facilities & Infrastructure,,falcon:T_FAC_012,falcon:T_FAC_012,falcon_mail_v1,216,synthetic,Facilities,High,,,,train
falcon-0217,Fourth floor concrete balcony balustrade has detached and is hanging precariously over walkway.,Maintenance,Critical,Maintenance,Critical,approved,Existing Falcon Mail label retained.,Facilities Management & Maintenance,,falcon:T_EMG_012,falcon:T_EMG_012,falcon_mail_v1,217,synthetic,Maintenance,Critical,,,,train
falcon-0218,The biometric attendance scanner at the main gate entrance has been completely offline.,IT,High,IT,High,approved,Existing Falcon Mail label retained.,IT Support & Services,,falcon:T_IT_019,falcon:T_IT_019,falcon_mail_v1,218,synthetic,IT,High,,,,train
falcon-0219,Late night scheduled shuttle service was cancelled without prior broadcast.,Transport,Medium,Transport,Medium,approved,Existing Falcon Mail label retained.,Transport & Parking Department,,falcon:T_TRN_009,falcon:T_TRN_009,falcon_mail_v1,219,synthetic,Transport,Medium,,,,train
falcon-0220,The desktop computer in Room 108 will not power on at all.,IT,Low,IT,Low,approved,Existing Falcon Mail label retained.,IT Support & Services,,falcon:T_IT_011,falcon:T_IT_011,falcon_mail_v1,220,synthetic,IT,Low,,,,validation
falcon-0221,Washroom supply pipe in Block A 2nd floor ruptured spraying pressurized water.,Plumbing,High,Plumbing,High,approved,Existing Falcon Mail label retained.,Plumbing Services,,falcon:T_PLM_002,falcon:T_PLM_002,falcon_mail_v1,221,synthetic,Plumbing,High,,,,train
falcon-0222,Student health insurance card was not delivered to international freshmen.,Administration,Medium,Administration,Medium,approved,Existing Falcon Mail label retained.,General Administration,,falcon:T_ADM_012,falcon:T_ADM_012,falcon_mail_v1,222,synthetic,Administration,Medium,,,,train
falcon-0223,Restroom near the main cafeteria has not been cleaned since yesterday morning.,Cleanliness,Medium,Cleanliness,Medium,approved,Existing Falcon Mail label retained.,Housekeeping & Janitorial Services,,falcon:T_CLN_001,falcon:T_CLN_001,falcon_mail_v1,223,synthetic,Cleanliness,Medium,,,,train
falcon-0224,Complete water supply disruption in washrooms of Block B second floor since yesterday morning.,Facilities,High,Facilities,High,approved,Existing Falcon Mail label retained.,Facilities & Infrastructure,,falcon:T_FAC_001,falcon:T_FAC_001,falcon_mail_v1,224,synthetic,Facilities,High,,,,test
falcon-0225,Submitting final assignments on the portal produces an internal server 500 error.,IT,High,IT,High,approved,Existing Falcon Mail label retained.,IT Support & Services,,falcon:T_IT_017,falcon:T_IT_017,falcon_mail_v1,225,synthetic,IT,High,,,,train
falcon-0226,Live 400V electrical wire touching metal staircase handrail has been shocking students.,Electrical,Critical,Electrical,Critical,approved,Existing Falcon Mail label retained.,Electrical Maintenance Services,,falcon:T_EMG_007,falcon:T_EMG_007,falcon_mail_v1,226,synthetic,Electrical,Critical,,,,train
falcon-0227,Hand sanitizer dispensers throughout the science block have been completely dry.,Facilities,Low,Facilities,Low,approved,Existing Falcon Mail label retained.,Facilities & Infrastructure,,falcon:T_FAC_018,falcon:T_FAC_018,falcon_mail_v1,227,synthetic,Facilities,Low,,,,train
falcon-0228,High-pressure medical oxygen cylinder valve sheared off inside campus health clinic.,Safety,Critical,Safety,Critical,approved,Existing Falcon Mail label retained.,Campus Security & Safety Office,,falcon:T_EMG_015,falcon:T_EMG_015,falcon_mail_v1,228,synthetic,Safety,Critical,,,,train
falcon-0229,Underground gas main pipeline ruptured with loud hissing near student residential dining hall.,Safety,Critical,Safety,Critical,approved,Existing Falcon Mail label retained.,Campus Security & Safety Office,,falcon:T_EMG_006,falcon:T_EMG_006,falcon_mail_v1,229,synthetic,Safety,Critical,,,,train
falcon-0230,Janitorial equipment and dirty wash bucket left obstructing corridor doorway.,Cleanliness,Low,Cleanliness,Low,approved,Existing Falcon Mail label retained.,Housekeeping & Janitorial Services,,falcon:T_CLN_015,falcon:T_CLN_015,falcon_mail_v1,230,synthetic,Cleanliness,Low,,,,train
falcon-0231,Carpet in the seminar room has a persistent damp musty smell reported earlier today.,Cleanliness,Low,Cleanliness,Low,approved,Existing Falcon Mail label retained.,Housekeeping & Janitorial Services,,falcon:T_CLN_016,falcon:T_CLN_016,falcon_mail_v1,231,synthetic,Cleanliness,Low,,,,train
falcon-0232,Midterm examination timetable has scheduled two core subjects at the exact same hour.,Academic,High,Academic,High,approved,Existing Falcon Mail label retained.,Academic Affairs & Registrar,,falcon:T_ACD_002,falcon:T_ACD_002,falcon_mail_v1,232,synthetic,Academic,High,,,,train
falcon-0233,Pungent gas leak smell detected near the chemical storage depot.,Safety,Critical,Safety,Critical,approved,Existing Falcon Mail label retained.,Campus Security & Safety Office,,falcon:T_SAF_010,falcon:T_SAF_010,falcon_mail_v1,233,synthetic,Safety,Critical,,,,train
falcon-0234,Indoor sports court synthetic flooring has torn seams creating trip hazards which is affecting normal activities.,Facilities,Medium,Facilities,Medium,approved,Existing Falcon Mail label retained.,Facilities & Infrastructure,,falcon:T_FAC_006,falcon:T_FAC_006,falcon_mail_v1,234,synthetic,Facilities,Medium,,,,train
falcon-0235,Squash court door glass panel is loose and vibrating on impact.,Facilities,Medium,Facilities,Medium,approved,Existing Falcon Mail label retained.,Facilities & Infrastructure,,falcon:T_FAC_020,falcon:T_FAC_020,falcon_mail_v1,235,synthetic,Facilities,Medium,,,,train
falcon-0236,Toilet bowl in male restroom Room 102 is clogged and overflowing onto floor observed during the morning class.,Plumbing,High,Plumbing,High,approved,Existing Falcon Mail label retained.,Plumbing Services,,falcon:T_PLM_003,falcon:T_PLM_003,falcon_mail_v1,236,synthetic,Plumbing,High,,,,train
falcon-0237,Lecture hall capacity has been 40 seats but 65 students have been enrolled in the course.,Academic,Medium,Academic,Medium,approved,Existing Falcon Mail label retained.,Academic Affairs & Registrar,,falcon:T_ACD_010,falcon:T_ACD_010,falcon_mail_v1,237,synthetic,Academic,Medium,,,,train
falcon-0238,The campus wireless signal is completely dead in the science building basement.,IT,Medium,IT,Medium,approved,Existing Falcon Mail label retained.,IT Support & Services,,falcon:T_IT_013,falcon:T_IT_013,falcon_mail_v1,238,synthetic,IT,Medium,,,,validation
falcon-0239,Emergency exit door in Block C has been padlocked shut preventing evacuation.,Safety,Critical,Safety,Critical,approved,Existing Falcon Mail label retained.,Campus Security & Safety Office,,falcon:T_SAF_003,falcon:T_SAF_003,falcon_mail_v1,239,synthetic,Safety,Critical,,,,train
falcon-0240,Cannot access the university online research database from off-campus VPN.,IT,Medium,IT,Medium,approved,Existing Falcon Mail label retained.,IT Support & Services,,falcon:T_IT_010,falcon:T_IT_010,falcon_mail_v1,240,synthetic,IT,Medium,,,,train
falcon-0241,Lecture hall capacity is 40 seats but 65 students are enrolled in the course causing inconvenience to students and staff.,Academic,Medium,Academic,Medium,approved,Existing Falcon Mail label retained.,Academic Affairs & Registrar,,falcon:T_ACD_010,falcon:T_ACD_010,falcon_mail_v1,241,synthetic,Academic,Medium,,,,train
falcon-0242,Reading desk overhead lamps in library quiet zone have burned out.,Facilities,Low,Facilities,Low,approved,Existing Falcon Mail label retained.,Facilities & Infrastructure,,falcon:T_FAC_009,falcon:T_FAC_009,falcon_mail_v1,242,synthetic,Facilities,Low,,,,test
falcon-0243,Campus parking lot B has been congested due to non-permitted external commercial vehicles.,Transport,Low,Transport,Low,approved,Existing Falcon Mail label retained.,Transport & Parking Department,,falcon:T_TRN_005,falcon:T_TRN_005,falcon_mail_v1,243,synthetic,Transport,Low,,,,test
falcon-0244,Window pane in Block C second floor corridor is cracked and loose which is affecting normal activities.,Maintenance,Medium,Maintenance,Medium,approved,Existing Falcon Mail label retained.,Facilities Management & Maintenance,,falcon:T_MNT_002,falcon:T_MNT_002,falcon_mail_v1,244,synthetic,Maintenance,Medium,,,,train
falcon-0245,Metal lockers in the sports pavilion have jammed rusted padlocks which is affecting normal activities.,Facilities,Low,Facilities,Low,approved,Existing Falcon Mail label retained.,Facilities & Infrastructure,,falcon:T_FAC_011,falcon:T_FAC_011,falcon_mail_v1,245,synthetic,Facilities,Low,,,,validation
falcon-0246,University general inquiry telephone lines are permanently engaged without voicemail.,Administration,Low,Administration,Low,approved,Existing Falcon Mail label retained.,General Administration,,falcon:T_ADM_013,falcon:T_ADM_013,falcon_mail_v1,246,synthetic,Administration,Low,,,,train
falcon-0247,Switchboard faceplate in chemistry laboratory has been scorched and warm to the touch.,Electrical,High,Electrical,High,approved,Existing Falcon Mail label retained.,Electrical Maintenance Services,,falcon:T_ELC_008,falcon:T_ELC_008,falcon_mail_v1,247,synthetic,Electrical,High,,,,train
falcon-0248,Cannot access the university online research database from off-campus VPN affecting people in the area.,IT,Medium,IT,Medium,approved,Existing Falcon Mail label retained.,IT Support & Services,,falcon:T_IT_010,falcon:T_IT_010,falcon_mail_v1,248,synthetic,IT,Medium,,,,train
falcon-0249,Smartboard in Room 402 has been unresponsive to touch input and digital pen.,IT,Medium,IT,Medium,approved,Existing Falcon Mail label retained.,IT Support & Services,,falcon:T_IT_007,falcon:T_IT_007,falcon_mail_v1,249,synthetic,IT,Medium,,,,test
falcon-0250,Study cubicles in the library have defective desks and dead electrical sockets this has been ongoing since last week.,Facilities,Low,Facilities,Low,approved,Existing Falcon Mail label retained.,Facilities & Infrastructure,,falcon:T_FAC_002,falcon:T_FAC_002,falcon_mail_v1,250,synthetic,Facilities,Low,,,,test
falcon-0251,Ceiling panel near the faculty lounge is sagging heavily and about to fall several people have pointed this out.,Maintenance,High,Maintenance,High,approved,Existing Falcon Mail label retained.,Facilities Management & Maintenance,,falcon:T_MNT_005,falcon:T_MNT_005,falcon_mail_v1,251,synthetic,Maintenance,High,,,,train
falcon-0252,Severed high-voltage power cable is whipping and sparking on the flooded courtyard walkway this has been ongoing since last week.,Electrical,Critical,Electrical,Critical,approved,Existing Falcon Mail label retained.,Electrical Maintenance Services,,falcon:T_EMG_004,falcon:T_EMG_004,falcon_mail_v1,252,synthetic,Electrical,Critical,,,,train
falcon-0253,Lightning strike ignited structural roof trusses of academic Block A which is affecting normal activities.,Safety,Critical,Safety,Critical,approved,Existing Falcon Mail label retained.,Campus Security & Safety Office,,falcon:T_EMG_031,falcon:T_EMG_031,falcon_mail_v1,253,synthetic,Safety,Critical,,,,train
falcon-0254,Water filter indicator lamp on drinking fountain turns red indicating dirty water.,Facilities,High,Facilities,High,approved,Existing Falcon Mail label retained.,Facilities & Infrastructure,,falcon:T_FAC_015,falcon:T_FAC_015,falcon_mail_v1,254,synthetic,Facilities,High,,,,train
falcon-0255,Administration helpdesk staff was uncooperative regarding clearance sign-off.,Administration,Low,Administration,Low,approved,Existing Falcon Mail label retained.,General Administration,,falcon:T_ADM_008,falcon:T_ADM_008,falcon_mail_v1,255,synthetic,Administration,Low,,,,train
falcon-0256,High concentration carbon monoxide detector sounding continuous evacuation siren in underground parking noticed by several students.,Safety,Critical,Safety,Critical,approved,Existing Falcon Mail label retained.,Campus Security & Safety Office,,falcon:T_EMG_022,falcon:T_EMG_022,falcon_mail_v1,256,synthetic,Safety,Critical,,,,test
falcon-0257,Noise levels from adjacent corridor disrupt study in the quiet library zone several people have pointed this out.,Academic,Low,Academic,Low,approved,Existing Falcon Mail label retained.,Academic Affairs & Registrar,,falcon:T_ACD_018,falcon:T_ACD_018,falcon_mail_v1,257,synthetic,Academic,Low,,,,train
falcon-0258,Rooftop water storage tank structural cradle failed threatening roof collapse over lecture hall.,Facilities,Critical,Facilities,Critical,approved,Existing Falcon Mail label retained.,Facilities & Infrastructure,,falcon:T_EMG_028,falcon:T_EMG_028,falcon_mail_v1,258,synthetic,Facilities,Critical,,,,train
falcon-0259,Main structural ceiling beam in the sports hall has cracked and is dropping heavy concrete debris.,Maintenance,Critical,Maintenance,Critical,approved,Existing Falcon Mail label retained.,Facilities Management & Maintenance,,falcon:T_EMG_003,falcon:T_EMG_003,falcon_mail_v1,259,synthetic,Maintenance,Critical,,,,train
falcon-0260,Electric vehicle charging station near Block D displays an error code noticed by several students.,Transport,Low,Transport,Low,approved,Existing Falcon Mail label retained.,Transport & Parking Department,,falcon:T_TRN_011,falcon:T_TRN_011,falcon_mail_v1,260,synthetic,Transport,Low,,,,test
falcon-0261,Outdoor seating benches in the courtyard have broken wooden slats since yesterday morning.,Maintenance,Low,Maintenance,Low,approved,Existing Falcon Mail label retained.,Facilities Management & Maintenance,,falcon:T_MNT_016,falcon:T_MNT_016,falcon_mail_v1,261,synthetic,Maintenance,Low,,,,train
falcon-0262,Academic advisor has not responded to elective course approval request for two weeks affecting people in the area.,Academic,Medium,Academic,Medium,approved,Existing Falcon Mail label retained.,Academic Affairs & Registrar,,falcon:T_ACD_013,falcon:T_ACD_013,falcon_mail_v1,262,synthetic,Academic,Medium,,,,train
falcon-0263,Water filter indicator lamp on drinking fountain turns red indicating dirty water observed during the morning class.,Facilities,High,Facilities,High,approved,Existing Falcon Mail label retained.,Facilities & Infrastructure,,falcon:T_FAC_015,falcon:T_FAC_015,falcon_mail_v1,263,synthetic,Facilities,High,,,,train
falcon-0264,Sanitary vending machine in female facility is empty and jammed since yesterday morning.,Facilities,Medium,Facilities,Medium,approved,Existing Falcon Mail label retained.,Facilities & Infrastructure,,falcon:T_FAC_014,falcon:T_FAC_014,falcon_mail_v1,264,synthetic,Facilities,Medium,,,,train
falcon-0265,Central auditorium ventilation system is blowing hot dusty air observed during the morning class.,Facilities,Medium,Facilities,Medium,approved,Existing Falcon Mail label retained.,Facilities & Infrastructure,,falcon:T_FAC_007,falcon:T_FAC_007,falcon_mail_v1,265,synthetic,Facilities,Medium,,,,train
falcon-0266,The projector in Lecture Hall A is flickering and won't display slides clearly observed during the morning class.,IT,Low,IT,Low,approved,Existing Falcon Mail label retained.,IT Support & Services,,falcon:T_IT_003,falcon:T_IT_003,falcon_mail_v1,266,synthetic,IT,Low,,,,train
falcon-0267,HDMI cable attached to the teaching podium in Room 210 is torn affecting people in the area.,IT,Low,IT,Low,approved,Existing Falcon Mail label retained.,IT Support & Services,,falcon:T_IT_018,falcon:T_IT_018,falcon_mail_v1,267,synthetic,IT,Low,,,,validation
falcon-0268,Bus timetable posted on campus board contradicts the digital schedule.,Transport,Low,Transport,Low,approved,Existing Falcon Mail label retained.,Transport & Parking Department,,falcon:T_TRN_020,falcon:T_TRN_020,falcon_mail_v1,268,synthetic,Transport,Low,,,,validation
falcon-0269,Rotting fruit left uncollected beneath trees in front garden creating stench.,Cleanliness,Low,Cleanliness,Low,approved,Existing Falcon Mail label retained.,Housekeeping & Janitorial Services,,falcon:T_CLN_019,falcon:T_CLN_019,falcon_mail_v1,269,synthetic,Cleanliness,Low,,,,train
falcon-0270,Outdoor step-down electrical transformer exploded into flames directly beside Block B dormitory.,Electrical,Critical,Electrical,Critical,approved,Existing Falcon Mail label retained.,Electrical Maintenance Services,,falcon:T_EMG_013,falcon:T_EMG_013,falcon_mail_v1,270,synthetic,Electrical,Critical,,,,train
falcon-0271,Smartboard in Room 402 is unresponsive to touch input and digital pen since yesterday morning.,IT,Medium,IT,Medium,approved,Existing Falcon Mail label retained.,IT Support & Services,,falcon:T_IT_007,falcon:T_IT_007,falcon_mail_v1,271,synthetic,IT,Medium,,,,test
falcon-0272,The biometric attendance scanner at the main gate entrance is completely offline for the past two days.,IT,High,IT,High,approved,Existing Falcon Mail label retained.,IT Support & Services,,falcon:T_IT_019,falcon:T_IT_019,falcon_mail_v1,272,synthetic,IT,High,,,,train
falcon-0273,Submerged electrical power distribution strip in standing water inside flooded science washroom causing inconvenience to students and staff.,Electrical,Critical,Electrical,Critical,approved,Existing Falcon Mail label retained.,Electrical Maintenance Services,,falcon:T_EMG_025,falcon:T_EMG_025,falcon_mail_v1,273,synthetic,Electrical,Critical,,,,validation
falcon-0274,Lost black leather wallet containing student identity card and bank cards near library.,Other,Low,Other,Low,approved,Existing Falcon Mail label retained.,General Services / Helpdesk,,falcon:T_OTH_001,falcon:T_OTH_001,falcon_mail_v1,274,synthetic,Other,Low,,,,train
falcon-0275,Students are unable to log into the portal from the Library terminals for the past two days.,IT,Medium,IT,Medium,approved,Existing Falcon Mail label retained.,IT Support & Services,,falcon:T_IT_002,falcon:T_IT_002,falcon_mail_v1,275,synthetic,IT,Medium,,,,train
falcon-0276,Outdoor basketball court floodlights fail to ignite after sunset reported earlier today.,Facilities,Low,Facilities,Low,approved,Existing Falcon Mail label retained.,Facilities & Infrastructure,,falcon:T_FAC_013,falcon:T_FAC_013,falcon_mail_v1,276,synthetic,Facilities,Low,,,,train
falcon-0277,Stairwell landings in Science Block floor 3 are covered in mud and litter affecting people in the area.,Cleanliness,Low,Cleanliness,Low,approved,Existing Falcon Mail label retained.,Housekeeping & Janitorial Services,,falcon:T_CLN_007,falcon:T_CLN_007,falcon_mail_v1,277,synthetic,Cleanliness,Low,,,,validation
falcon-0278,Heavy pressurized argon cylinder ruptured launching across mechanical engineering workshop floor noticed by several students.,Safety,Critical,Safety,Critical,approved,Existing Falcon Mail label retained.,Campus Security & Safety Office,,falcon:T_EMG_020,falcon:T_EMG_020,falcon_mail_v1,278,synthetic,Safety,Critical,,,,validation
falcon-0279,Graduation clearance portal is rejecting attested valid degree documentation causing inconvenience to students and staff.,Administration,High,Administration,High,approved,Existing Falcon Mail label retained.,General Administration,,falcon:T_ADM_014,falcon:T_ADM_014,falcon_mail_v1,279,synthetic,Administration,High,,,,validation
falcon-0280,The desktop computer in Room 108 will not power on at all this has been ongoing since last week.,IT,Low,IT,Low,approved,Existing Falcon Mail label retained.,IT Support & Services,,falcon:T_IT_011,falcon:T_IT_011,falcon_mail_v1,280,synthetic,IT,Low,,,,validation
falcon-0281,Electric vehicle charging station near Block D displays an error code.,Transport,Low,Transport,Low,approved,Existing Falcon Mail label retained.,Transport & Parking Department,,falcon:T_TRN_011,falcon:T_TRN_011,falcon_mail_v1,281,synthetic,Transport,Low,,,,test
falcon-0282,Cloud storage drive for final year project repository is inaccessible.,IT,High,IT,High,approved,Existing Falcon Mail label retained.,IT Support & Services,,falcon:T_IT_020,falcon:T_IT_020,falcon_mail_v1,282,synthetic,IT,High,,,,train
falcon-0283,Transport pass renewal counter clerk behaved discourteously to queuing students.,Administration,Low,Administration,Low,approved,Existing Falcon Mail label retained.,General Administration,,falcon:T_ADM_016,falcon:T_ADM_016,falcon_mail_v1,283,synthetic,Administration,Low,,,,train
falcon-0284,Student ID card scanner at the main library turnstile is failing to read cards causing inconvenience to students and staff.,IT,High,IT,High,approved,Existing Falcon Mail label retained.,IT Support & Services,,falcon:T_IT_015,falcon:T_IT_015,falcon_mail_v1,284,synthetic,IT,High,,,,train
falcon-0285,Course syllabus and reference material for Data Structures have not been uploaded this has been ongoing since last week.,Academic,Low,Academic,Low,approved,Existing Falcon Mail label retained.,Academic Affairs & Registrar,,falcon:T_ACD_003,falcon:T_ACD_003,falcon_mail_v1,285,synthetic,Academic,Low,,,,train
falcon-0286,Immigration visa renewal documents not processed before expiry date.,Administration,High,Administration,High,approved,Existing Falcon Mail label retained.,General Administration,,falcon:T_ADM_020,falcon:T_ADM_020,falcon_mail_v1,286,synthetic,Administration,High,,,,train
falcon-0287,Two-ton sliding iron entrance gate slipped off track and pinned a student.,Safety,Critical,Safety,Critical,approved,Existing Falcon Mail label retained.,Campus Security & Safety Office,,falcon:T_EMG_023,falcon:T_EMG_023,falcon_mail_v1,287,synthetic,Safety,Critical,,,,train
falcon-0288,No teaching assistant has been assigned to support weekly programming tutorial batches.,Academic,Low,Academic,Low,approved,Existing Falcon Mail label retained.,Academic Affairs & Registrar,,falcon:T_ACD_011,falcon:T_ACD_011,falcon_mail_v1,288,synthetic,Academic,Low,,,,train
falcon-0289,Student club requesting approval to host blood donation drive in the activity center.,Other,Low,Other,Low,approved,Existing Falcon Mail label retained.,General Services / Helpdesk,,falcon:T_OTH_006,falcon:T_OTH_006,falcon_mail_v1,289,synthetic,Other,Low,,,,test
falcon-0290,Severed high-voltage power cable is whipping and sparking on the flooded courtyard walkway.,Electrical,Critical,Electrical,Critical,approved,Existing Falcon Mail label retained.,Electrical Maintenance Services,,falcon:T_EMG_004,falcon:T_EMG_004,falcon_mail_v1,290,synthetic,Electrical,Critical,,,,train
falcon-0291,Assignment submission deadline was abruptly changed without email notification observed during the morning class.,Academic,Medium,Academic,Medium,approved,Existing Falcon Mail label retained.,Academic Affairs & Registrar,,falcon:T_ACD_020,falcon:T_ACD_020,falcon_mail_v1,291,synthetic,Academic,Medium,,,,validation
falcon-0292,Found unclaimed dark winter jacket draped over seat 14 in Auditorium A which is affecting normal activities.,Other,Low,Other,Low,approved,Existing Falcon Mail label retained.,General Services / Helpdesk,,falcon:T_OTH_008,falcon:T_OTH_008,falcon_mail_v1,292,synthetic,Other,Low,,,,train
falcon-0293,Submerged electrical power distribution strip in standing water inside flooded science washroom.,Electrical,Critical,Electrical,Critical,approved,Existing Falcon Mail label retained.,Electrical Maintenance Services,,falcon:T_EMG_025,falcon:T_EMG_025,falcon_mail_v1,293,synthetic,Electrical,Critical,,,,validation
falcon-0294,Central elevator freefell two floors and passengers are trapped inside with injuries.,Maintenance,Critical,Maintenance,Critical,approved,Existing Falcon Mail label retained.,Facilities Management & Maintenance,,falcon:T_EMG_002,falcon:T_EMG_002,falcon_mail_v1,294,synthetic,Maintenance,Critical,,,,train
falcon-0295,Ceiling panel near the faculty lounge has been sagging heavily and about to fall.,Maintenance,High,Maintenance,High,approved,Existing Falcon Mail label retained.,Facilities Management & Maintenance,,falcon:T_MNT_005,falcon:T_MNT_005,falcon_mail_v1,295,synthetic,Maintenance,High,,,,train
falcon-0296,Campus swimming pool water has been murky green and smells heavily foul.,Facilities,High,Facilities,High,approved,Existing Falcon Mail label retained.,Facilities & Infrastructure,,falcon:T_FAC_010,falcon:T_FAC_010,falcon_mail_v1,296,synthetic,Facilities,High,,,,train
falcon-0297,Faculty feedback evaluation form link has been throwing a session timeout error.,Academic,Medium,Academic,Medium,approved,Existing Falcon Mail label retained.,Academic Affairs & Registrar,,falcon:T_ACD_008,falcon:T_ACD_008,falcon_mail_v1,297,synthetic,Academic,Medium,,,,test
falcon-0298,UPS battery storage cabinet in server room has been emitting high-pitched warning sirens.,Electrical,High,Electrical,High,approved,Existing Falcon Mail label retained.,Electrical Maintenance Services,,falcon:T_ELC_007,falcon:T_ELC_007,falcon_mail_v1,298,synthetic,Electrical,High,,,,train
falcon-0299,Requesting information on guest parking passes for visiting family members.,Other,Low,Other,Low,approved,Existing Falcon Mail label retained.,General Services / Helpdesk,,falcon:T_OTH_013,falcon:T_OTH_013,falcon_mail_v1,299,synthetic,Other,Low,,,,test
falcon-0300,Assignment submission deadline was abruptly changed without email notification.,Academic,Medium,Academic,Medium,approved,Existing Falcon Mail label retained.,Academic Affairs & Registrar,,falcon:T_ACD_020,falcon:T_ACD_020,falcon_mail_v1,300,synthetic,Academic,Medium,,,,validation
falcon-0301,My learning portal is not displaying registered subjects and exam starts tomorrow morning causing inconvenience to students and staff.,Academic,High,Academic,High,approved,Existing Falcon Mail label retained.,Academic Affairs & Registrar,,falcon:T_ACD_001,falcon:T_ACD_001,falcon_mail_v1,301,synthetic,Academic,High,,,,validation
falcon-0302,Ceiling fan in Room 205 is wobbling dangerously and making grinding metallic sounds.,Electrical,Medium,Electrical,Medium,approved,Existing Falcon Mail label retained.,Electrical Maintenance Services,,falcon:T_ELC_005,falcon:T_ELC_005,falcon_mail_v1,302,synthetic,Electrical,Medium,,,,train
falcon-0303,Lost prescription eyewear inside a black protective case near Block A stairwell since yesterday morning.,Other,Low,Other,Low,approved,Existing Falcon Mail label retained.,General Services / Helpdesk,,falcon:T_OTH_007,falcon:T_OTH_007,falcon_mail_v1,303,synthetic,Other,Low,,,,train
falcon-0304,Water pressure in dormitory showers dropped to a trickle.,Plumbing,Low,Plumbing,Low,approved,Existing Falcon Mail label retained.,Plumbing Services,,falcon:T_PLM_020,falcon:T_PLM_020,falcon_mail_v1,304,synthetic,Plumbing,Low,,,,train
falcon-0305,Black mildew patches spreading across shower stalls in dorm building 2.,Cleanliness,Medium,Cleanliness,Medium,approved,Existing Falcon Mail label retained.,Housekeeping & Janitorial Services,,falcon:T_CLN_013,falcon:T_CLN_013,falcon_mail_v1,305,synthetic,Cleanliness,Medium,,,,train
falcon-0306,Heavy main entrance gate hinges are squeaking and sticking.,Maintenance,Low,Maintenance,Low,approved,Existing Falcon Mail label retained.,Facilities Management & Maintenance,,falcon:T_MNT_020,falcon:T_MNT_020,falcon_mail_v1,306,synthetic,Maintenance,Low,,,,validation
falcon-0307,Urinal drains in ground floor male restroom blocked and emitting stench reported earlier today.,Cleanliness,High,Cleanliness,High,approved,Existing Falcon Mail label retained.,Housekeeping & Janitorial Services,,falcon:T_CLN_020,falcon:T_CLN_020,falcon_mail_v1,307,synthetic,Cleanliness,High,,,,train
falcon-0308,Whiteboard in Room 205 detached from the wall bracket for the past two days.,Maintenance,Low,Maintenance,Low,approved,Existing Falcon Mail label retained.,Facilities Management & Maintenance,,falcon:T_MNT_008,falcon:T_MNT_008,falcon_mail_v1,308,synthetic,Maintenance,Low,,,,train
falcon-0309,Underground main water supply conduit burst forming a deep trench near courtyard.,Plumbing,High,Plumbing,High,approved,Existing Falcon Mail label retained.,Plumbing Services,,falcon:T_PLM_008,falcon:T_PLM_008,falcon_mail_v1,309,synthetic,Plumbing,High,,,,test
falcon-0310,Rapidly spreading polymer fire inside engineering rapid prototyping 3D printing lab several people have pointed this out.,Safety,Critical,Safety,Critical,approved,Existing Falcon Mail label retained.,Campus Security & Safety Office,,falcon:T_EMG_024,falcon:T_EMG_024,falcon_mail_v1,310,synthetic,Safety,Critical,,,,train
falcon-0311,Hazardous chemical spill of unidentified liquid reported in Chemistry Lab 3 which is affecting normal activities.,Safety,Critical,Safety,Critical,approved,Existing Falcon Mail label retained.,Campus Security & Safety Office,,falcon:T_SAF_006,falcon:T_SAF_006,falcon_mail_v1,311,synthetic,Safety,Critical,,,,test
falcon-0312,Overhead water storage tank on Block C roof is overflowing down the exterior wall.,Plumbing,Medium,Plumbing,Medium,approved,Existing Falcon Mail label retained.,Plumbing Services,,falcon:T_PLM_015,falcon:T_PLM_015,falcon_mail_v1,312,synthetic,Plumbing,Medium,,,,train
falcon-0313,Switchboard faceplate in chemistry laboratory is scorched and warm to the touch.,Electrical,High,Electrical,High,approved,Existing Falcon Mail label retained.,Electrical Maintenance Services,,falcon:T_ELC_008,falcon:T_ELC_008,falcon_mail_v1,313,synthetic,Electrical,High,,,,train
falcon-0314,Urinal auto-flush sensor defective resulting in stagnant waste.,Plumbing,Medium,Plumbing,Medium,approved,Existing Falcon Mail label retained.,Plumbing Services,,falcon:T_PLM_018,falcon:T_PLM_018,falcon_mail_v1,314,synthetic,Plumbing,Medium,,,,train
falcon-0315,Disciplinary review notification was issued with mismatched student registration number.,Administration,Medium,Administration,Medium,approved,Existing Falcon Mail label retained.,General Administration,,falcon:T_ADM_006,falcon:T_ADM_006,falcon_mail_v1,315,synthetic,Administration,Medium,,,,train
falcon-0316,Cockroaches and insects observed crawling inside hostel food preparation area noticed by several students.,Cleanliness,High,Cleanliness,High,approved,Existing Falcon Mail label retained.,Housekeeping & Janitorial Services,,falcon:T_CLN_009,falcon:T_CLN_009,falcon_mail_v1,316,synthetic,Cleanliness,High,,,,validation
falcon-0317,Pigeon droppings accumulated across windowsills and desks in Block C which is affecting normal activities.,Cleanliness,Low,Cleanliness,Low,approved,Existing Falcon Mail label retained.,Housekeeping & Janitorial Services,,falcon:T_CLN_003,falcon:T_CLN_003,falcon_mail_v1,317,synthetic,Cleanliness,Low,,,,train
falcon-0318,Central heating in dormitory blocks during cold weather is non-functional for the past two days.,Facilities,High,Facilities,High,approved,Existing Falcon Mail label retained.,Facilities & Infrastructure,,falcon:T_FAC_019,falcon:T_FAC_019,falcon_mail_v1,318,synthetic,Facilities,High,,,,train
falcon-0319,Industrial steam boiler pressure gauge in red zone emitting screeching steam with imminent burst risk.,Plumbing,Critical,Plumbing,Critical,approved,Existing Falcon Mail label retained.,Plumbing Services,,falcon:T_EMG_009,falcon:T_EMG_009,falcon_mail_v1,319,synthetic,Plumbing,Critical,,,,test
falcon-0320,Arc flash explosion inside main 11kV electrical distribution substation knocked technician unconscious.,Electrical,Critical,Electrical,Critical,approved,Existing Falcon Mail label retained.,Electrical Maintenance Services,,falcon:T_EMG_019,falcon:T_EMG_019,falcon_mail_v1,320,synthetic,Electrical,Critical,,,,train
falcon-0321,Discarded beverage containers and food wrappers strewn across library desks for the past two days.,Cleanliness,Low,Cleanliness,Low,approved,Existing Falcon Mail label retained.,Housekeeping & Janitorial Services,,falcon:T_CLN_014,falcon:T_CLN_014,falcon_mail_v1,321,synthetic,Cleanliness,Low,,,,train
falcon-0322,Student ID card scanner at the main library turnstile is failing to read cards.,IT,High,IT,High,approved,Existing Falcon Mail label retained.,IT Support & Services,,falcon:T_IT_015,falcon:T_IT_015,falcon_mail_v1,322,synthetic,IT,High,,,,train
falcon-0323,Shattered glass shards scattered across the main walkway near the cafeteria causing inconvenience to students and staff.,Safety,Medium,Safety,Medium,approved,Existing Falcon Mail label retained.,Campus Security & Safety Office,,falcon:T_SAF_015,falcon:T_SAF_015,falcon_mail_v1,323,synthetic,Safety,Medium,,,,train
falcon-0324,Bus shelter canopy is leaking water heavily during rainy weather.,Transport,Low,Transport,Low,approved,Existing Falcon Mail label retained.,Transport & Parking Department,,falcon:T_TRN_007,falcon:T_TRN_007,falcon_mail_v1,324,synthetic,Transport,Low,,,,train
falcon-0325,Vending machine in Block A swallowed card payment without dispensing item.,Facilities,Low,Facilities,Low,approved,Existing Falcon Mail label retained.,Facilities & Infrastructure,,falcon:T_FAC_008,falcon:T_FAC_008,falcon_mail_v1,325,synthetic,Facilities,Low,,,,test
falcon-0326,Air conditioning outdoor compressor cable caught fire outside Block D which is affecting normal activities.,Electrical,Critical,Electrical,Critical,approved,Existing Falcon Mail label retained.,Electrical Maintenance Services,,falcon:T_ELC_014,falcon:T_ELC_014,falcon_mail_v1,326,synthetic,Electrical,Critical,,,,train
falcon-0327,Air conditioning in Lecture Hall 2 stopped working and the room is overheating.,Maintenance,Medium,Maintenance,Medium,approved,Existing Falcon Mail label retained.,Facilities Management & Maintenance,,falcon:T_MNT_003,falcon:T_MNT_003,falcon_mail_v1,327,synthetic,Maintenance,Medium,,,,validation
falcon-0328,Emergency exit door in Block C is padlocked shut preventing evacuation.,Safety,Critical,Safety,Critical,approved,Existing Falcon Mail label retained.,Campus Security & Safety Office,,falcon:T_SAF_003,falcon:T_SAF_003,falcon_mail_v1,328,synthetic,Safety,Critical,,,,train
falcon-0329,Washroom floor is flooded with contaminated water and slippery soap lather.,Cleanliness,High,Cleanliness,High,approved,Existing Falcon Mail label retained.,Housekeeping & Janitorial Services,,falcon:T_CLN_008,falcon:T_CLN_008,falcon_mail_v1,329,synthetic,Cleanliness,High,,,,train
falcon-0330,Autoclave pressure vessel exploded in biological sciences building shattering adjacent walls since yesterday morning.,Safety,Critical,Safety,Critical,approved,Existing Falcon Mail label retained.,Campus Security & Safety Office,,falcon:T_EMG_029,falcon:T_EMG_029,falcon_mail_v1,330,synthetic,Safety,Critical,,,,train
falcon-0331,Traffic bottleneck at main campus gate due to malfunctioning automated boom barrier causing inconvenience to students and staff.,Transport,Medium,Transport,Medium,approved,Existing Falcon Mail label retained.,Transport & Parking Department,,falcon:T_TRN_010,falcon:T_TRN_010,falcon_mail_v1,331,synthetic,Transport,Medium,,,,train
falcon-0332,High concentration carbon monoxide detector sounding continuous evacuation siren in underground parking.,Safety,Critical,Safety,Critical,approved,Existing Falcon Mail label retained.,Campus Security & Safety Office,,falcon:T_EMG_022,falcon:T_EMG_022,falcon_mail_v1,332,synthetic,Safety,Critical,,,,test
falcon-0333,Gymnasium pulley cable snapped during a workout posing severe hazard several people have pointed this out.,Facilities,High,Facilities,High,approved,Existing Falcon Mail label retained.,Facilities & Infrastructure,,falcon:T_FAC_005,falcon:T_FAC_005,falcon_mail_v1,333,synthetic,Facilities,High,,,,train
falcon-0334,Balcony protective railing on 4th floor Block C has been structurally compromised.,Safety,Critical,Safety,Critical,approved,Existing Falcon Mail label retained.,Campus Security & Safety Office,,falcon:T_SAF_020,falcon:T_SAF_020,falcon_mail_v1,334,synthetic,Safety,Critical,,,,validation
falcon-0335,Bus automated pneumatic door jammed shut trapping passenger backpack which is affecting normal activities.,Transport,High,Transport,High,approved,Existing Falcon Mail label retained.,Transport & Parking Department,,falcon:T_TRN_012,falcon:T_TRN_012,falcon_mail_v1,335,synthetic,Transport,High,,,,train
falcon-0336,Commercial advertising posters pasted across notice boards without permission.,Other,Low,Other,Low,approved,Existing Falcon Mail label retained.,General Services / Helpdesk,,falcon:T_OTH_017,falcon:T_OTH_017,falcon_mail_v1,336,synthetic,Other,Low,,,,test
falcon-0337,Student ID card scanner at the main library turnstile has been failing to read cards.,IT,High,IT,High,approved,Existing Falcon Mail label retained.,IT Support & Services,,falcon:T_IT_015,falcon:T_IT_015,falcon_mail_v1,337,synthetic,IT,High,,,,train
falcon-0338,Electric water geyser in sports locker room blew its internal fuse which is affecting normal activities.,Electrical,Medium,Electrical,Medium,approved,Existing Falcon Mail label retained.,Electrical Maintenance Services,,falcon:T_ELC_017,falcon:T_ELC_017,falcon_mail_v1,338,synthetic,Electrical,Medium,,,,train
falcon-0339,Campus swimming pool water is murky green and smells heavily foul.,Facilities,High,Facilities,High,approved,Existing Falcon Mail label retained.,Facilities & Infrastructure,,falcon:T_FAC_010,falcon:T_FAC_010,falcon_mail_v1,339,synthetic,Facilities,High,,,,train
falcon-0340,Only one cashier counter is operating at student finance resulting in massive queues.,Administration,Low,Administration,Low,approved,Existing Falcon Mail label retained.,General Administration,,falcon:T_ADM_002,falcon:T_ADM_002,falcon_mail_v1,340,synthetic,Administration,Low,,,,train
falcon-0341,Commercial advertising posters pasted across notice boards without permission several people have pointed this out.,Other,Low,Other,Low,approved,Existing Falcon Mail label retained.,General Services / Helpdesk,,falcon:T_OTH_017,falcon:T_OTH_017,falcon_mail_v1,341,synthetic,Other,Low,,,,test
falcon-0342,Emergency stop panic button inside the central elevator does not trigger.,Safety,Critical,Safety,Critical,approved,Existing Falcon Mail label retained.,Campus Security & Safety Office,,falcon:T_SAF_019,falcon:T_SAF_019,falcon_mail_v1,342,synthetic,Safety,Critical,,,,train
falcon-0343,Severed high-voltage power cable has been whipping and sparking on the flooded courtyard walkway.,Electrical,Critical,Electrical,Critical,approved,Existing Falcon Mail label retained.,Electrical Maintenance Services,,falcon:T_EMG_004,falcon:T_EMG_004,falcon_mail_v1,343,synthetic,Electrical,Critical,,,,train
falcon-0344,Emergency stop panic button inside the central elevator does not trigger observed during the morning class.,Safety,Critical,Safety,Critical,approved,Existing Falcon Mail label retained.,Campus Security & Safety Office,,falcon:T_SAF_019,falcon:T_SAF_019,falcon_mail_v1,344,synthetic,Safety,Critical,,,,train
falcon-0345,Exhaust fan electrical cabling short-circuited inside cafeteria kitchen.,Electrical,High,Electrical,High,approved,Existing Falcon Mail label retained.,Electrical Maintenance Services,,falcon:T_ELC_012,falcon:T_ELC_012,falcon_mail_v1,345,synthetic,Electrical,High,,,,train
falcon-0346,Lockers in the biology laboratory cannot be locked securely.,Facilities,Low,Facilities,Low,approved,Existing Falcon Mail label retained.,Facilities & Infrastructure,,falcon:T_FAC_017,falcon:T_FAC_017,falcon_mail_v1,346,synthetic,Facilities,Low,,,,train
falcon-0347,Inquiry regarding procedure for campus locker deposit return affecting people in the area.,Other,Low,Other,Low,approved,Existing Falcon Mail label retained.,General Services / Helpdesk,,falcon:T_OTH_016,falcon:T_OTH_016,falcon_mail_v1,347,synthetic,Other,Low,,,,train
falcon-0348,Bare live electrical wires exposed on the hallway wall near Room 105 this has been ongoing since last week.,Safety,Critical,Safety,Critical,approved,Existing Falcon Mail label retained.,Campus Security & Safety Office,,falcon:T_SAF_008,falcon:T_SAF_008,falcon_mail_v1,348,synthetic,Safety,Critical,,,,train
falcon-0349,Out-of-control campus vehicle smashed through security barrier into crowded pedestrian plaza.,Safety,Critical,Safety,Critical,approved,Existing Falcon Mail label retained.,Campus Security & Safety Office,,falcon:T_EMG_018,falcon:T_EMG_018,falcon_mail_v1,349,synthetic,Safety,Critical,,,,train
falcon-0350,Metal shutter of the cafeteria supply room is off its alignment track since yesterday morning.,Maintenance,Medium,Maintenance,Medium,approved,Existing Falcon Mail label retained.,Facilities Management & Maintenance,,falcon:T_MNT_017,falcon:T_MNT_017,falcon_mail_v1,350,synthetic,Maintenance,Medium,,,,test
falcon-0351,Large tree branch fractured and hanging precariously over student walkway for the past two days.,Safety,High,Safety,High,approved,Existing Falcon Mail label retained.,Campus Security & Safety Office,,falcon:T_SAF_017,falcon:T_SAF_017,falcon_mail_v1,351,synthetic,Safety,High,,,,train
falcon-0352,Campus shuttle bus route 2 arrived 45 minutes late during morning pickup.,Transport,Medium,Transport,Medium,approved,Existing Falcon Mail label retained.,Transport & Parking Department,,falcon:T_TRN_001,falcon:T_TRN_001,falcon_mail_v1,352,synthetic,Transport,Medium,,,,train
falcon-0353,Discarded beverage containers and food wrappers strewn across library desks.,Cleanliness,Low,Cleanliness,Low,approved,Existing Falcon Mail label retained.,Housekeeping & Janitorial Services,,falcon:T_CLN_014,falcon:T_CLN_014,falcon_mail_v1,353,synthetic,Cleanliness,Low,,,,train
falcon-0354,Metal shutter of the cafeteria supply room has been off its alignment track.,Maintenance,Medium,Maintenance,Medium,approved,Existing Falcon Mail label retained.,Facilities Management & Maintenance,,falcon:T_MNT_017,falcon:T_MNT_017,falcon_mail_v1,354,synthetic,Maintenance,Medium,,,,test
falcon-0355,Common room furniture upholstery has been shredded and dirty.,Facilities,Low,Facilities,Low,approved,Existing Falcon Mail label retained.,Facilities & Infrastructure,,falcon:T_FAC_016,falcon:T_FAC_016,falcon_mail_v1,355,synthetic,Facilities,Low,,,,test
falcon-0356,Bicycle lane along the campus perimeter has been blocked by maintenance machinery.,Transport,Low,Transport,Low,approved,Existing Falcon Mail label retained.,Transport & Parking Department,,falcon:T_TRN_017,falcon:T_TRN_017,falcon_mail_v1,356,synthetic,Transport,Low,,,,test
falcon-0357,Student cafeteria indoor dining hall is poorly ventilated and stifling hot.,Facilities,Low,Facilities,Low,approved,Existing Falcon Mail label retained.,Facilities & Infrastructure,,falcon:T_FAC_004,falcon:T_FAC_004,falcon_mail_v1,357,synthetic,Facilities,Low,,,,train
falcon-0358,Sink tap in faculty kitchenette is dripping constantly and won't turn off which is affecting normal activities.,Plumbing,Low,Plumbing,Low,approved,Existing Falcon Mail label retained.,Plumbing Services,,falcon:T_PLM_016,falcon:T_PLM_016,falcon_mail_v1,358,synthetic,Plumbing,Low,,,,train
falcon-0359,Bare live electrical wires exposed on the hallway wall near Room 105.,Safety,Critical,Safety,Critical,approved,Existing Falcon Mail label retained.,Campus Security & Safety Office,,falcon:T_SAF_008,falcon:T_SAF_008,falcon_mail_v1,359,synthetic,Safety,Critical,,,,train
falcon-0360,Senior thesis advisor allocations have still not been published.,Academic,Low,Academic,Low,approved,Existing Falcon Mail label retained.,Academic Affairs & Registrar,,falcon:T_ACD_015,falcon:T_ACD_015,falcon_mail_v1,360,synthetic,Academic,Low,,,,train
falcon-0361,Student identity card counter remains shut during official advertised office hours reported earlier today.,Administration,Low,Administration,Low,approved,Existing Falcon Mail label retained.,General Administration,,falcon:T_ADM_003,falcon:T_ADM_003,falcon_mail_v1,361,synthetic,Administration,Low,,,,train
falcon-0362,Common room furniture upholstery is shredded and dirty this has been ongoing since last week.,Facilities,Low,Facilities,Low,approved,Existing Falcon Mail label retained.,Facilities & Infrastructure,,falcon:T_FAC_016,falcon:T_FAC_016,falcon_mail_v1,362,synthetic,Facilities,Low,,,,test
falcon-0363,Insufficient seating on morning shuttle forcing students to stand in the aisle.,Transport,Medium,Transport,Medium,approved,Existing Falcon Mail label retained.,Transport & Parking Department,,falcon:T_TRN_004,falcon:T_TRN_004,falcon_mail_v1,363,synthetic,Transport,Medium,,,,validation
falcon-0364,Emergency evacuation lighting units failed to activate during power cut.,Electrical,High,Electrical,High,approved,Existing Falcon Mail label retained.,Electrical Maintenance Services,,falcon:T_ELC_011,falcon:T_ELC_011,falcon_mail_v1,364,synthetic,Electrical,High,,,,train
falcon-0365,Requesting information on guest parking passes for visiting family members which is affecting normal activities.,Other,Low,Other,Low,approved,Existing Falcon Mail label retained.,General Services / Helpdesk,,falcon:T_OTH_013,falcon:T_OTH_013,falcon_mail_v1,365,synthetic,Other,Low,,,,test
falcon-0366,Urinal auto-flush sensor defective resulting in stagnant waste affecting people in the area.,Plumbing,Medium,Plumbing,Medium,approved,Existing Falcon Mail label retained.,Plumbing Services,,falcon:T_PLM_018,falcon:T_PLM_018,falcon_mail_v1,366,synthetic,Plumbing,Medium,,,,train
falcon-0367,Switchboard faceplate in chemistry laboratory is scorched and warm to the touch several people have pointed this out.,Electrical,High,Electrical,High,approved,Existing Falcon Mail label retained.,Electrical Maintenance Services,,falcon:T_ELC_008,falcon:T_ELC_008,falcon_mail_v1,367,synthetic,Electrical,High,,,,train
falcon-0368,Main structural ceiling beam in the sports hall has cracked and has been dropping heavy concrete debris.,Maintenance,Critical,Maintenance,Critical,approved,Existing Falcon Mail label retained.,Facilities Management & Maintenance,,falcon:T_EMG_003,falcon:T_EMG_003,falcon_mail_v1,368,synthetic,Maintenance,Critical,,,,train
falcon-0369,Rotting fruit left uncollected beneath trees in front garden creating stench since yesterday morning.,Cleanliness,Low,Cleanliness,Low,approved,Existing Falcon Mail label retained.,Housekeeping & Janitorial Services,,falcon:T_CLN_019,falcon:T_CLN_019,falcon_mail_v1,369,synthetic,Cleanliness,Low,,,,train
falcon-0370,Security guard post at the East Gate was left completely unmanned overnight since yesterday morning.,Safety,Medium,Safety,Medium,approved,Existing Falcon Mail label retained.,Campus Security & Safety Office,,falcon:T_SAF_009,falcon:T_SAF_009,falcon_mail_v1,370,synthetic,Safety,Medium,,,,validation
falcon-0371,Severe voltage fluctuations in Room 401 caused equipment monitors to reset since yesterday morning.,Electrical,Medium,Electrical,Medium,approved,Existing Falcon Mail label retained.,Electrical Maintenance Services,,falcon:T_ELC_009,falcon:T_ELC_009,falcon_mail_v1,371,synthetic,Electrical,Medium,,,,train
falcon-0372,University general inquiry telephone lines are permanently engaged without voicemail reported earlier today.,Administration,Low,Administration,Low,approved,Existing Falcon Mail label retained.,General Administration,,falcon:T_ADM_013,falcon:T_ADM_013,falcon_mail_v1,372,synthetic,Administration,Low,,,,train
falcon-0373,Heavy dust and cobwebs hanging from the ceiling corners in Room 204.,Cleanliness,Low,Cleanliness,Low,approved,Existing Falcon Mail label retained.,Housekeeping & Janitorial Services,,falcon:T_CLN_004,falcon:T_CLN_004,falcon_mail_v1,373,synthetic,Cleanliness,Low,,,,test
falcon-0374,The door lock in Room 304 is broken and the door cannot latch shut.,Maintenance,Medium,Maintenance,Medium,approved,Existing Falcon Mail label retained.,Facilities Management & Maintenance,,falcon:T_MNT_001,falcon:T_MNT_001,falcon_mail_v1,374,synthetic,Maintenance,Medium,,,,train
falcon-0375,Late payment penalty fee levied despite proof of payment before deadline date causing inconvenience to students and staff.,Administration,High,Administration,High,approved,Existing Falcon Mail label retained.,General Administration,,falcon:T_ADM_011,falcon:T_ADM_011,falcon_mail_v1,375,synthetic,Administration,High,,,,test
falcon-0376,Oil slick on the workshop floor caused a student to slip and fall heavily observed during the morning class.,Safety,High,Safety,High,approved,Existing Falcon Mail label retained.,Campus Security & Safety Office,,falcon:T_SAF_011,falcon:T_SAF_011,falcon_mail_v1,376,synthetic,Safety,High,,,,train
falcon-0377,Industrial steam boiler pressure gauge in red zone emitting screeching steam with imminent burst risk for the past two days.,Plumbing,Critical,Plumbing,Critical,approved,Existing Falcon Mail label retained.,Plumbing Services,,falcon:T_EMG_009,falcon:T_EMG_009,falcon_mail_v1,377,synthetic,Plumbing,Critical,,,,test
falcon-0378,Fluorescent ceiling tubes in Room 302 are flickering violently causing headaches.,Electrical,Low,Electrical,Low,approved,Existing Falcon Mail label retained.,Electrical Maintenance Services,,falcon:T_ELC_002,falcon:T_ELC_002,falcon_mail_v1,378,synthetic,Electrical,Low,,,,train
falcon-0379,Zero water pressure discharging from faucets in chemical engineering lab.,Plumbing,Medium,Plumbing,Medium,approved,Existing Falcon Mail label retained.,Plumbing Services,,falcon:T_PLM_004,falcon:T_PLM_004,falcon_mail_v1,379,synthetic,Plumbing,Medium,,,,train
falcon-0380,Stray kittens found sheltered inside the outdoor electrical equipment shed.,Other,Medium,Other,Medium,approved,Existing Falcon Mail label retained.,General Services / Helpdesk,,falcon:T_OTH_014,falcon:T_OTH_014,falcon_mail_v1,380,synthetic,Other,Medium,,,,train
falcon-0381,Electrical wall receptacle in Room 104 sparked and produced smoke when plugging in charger.,Electrical,High,Electrical,High,approved,Existing Falcon Mail label retained.,Electrical Maintenance Services,,falcon:T_ELC_003,falcon:T_ELC_003,falcon_mail_v1,381,synthetic,Electrical,High,,,,train
falcon-0382,Drinking water cooler pipe leaking puddle onto wooden library floor causing inconvenience to students and staff.,Plumbing,Medium,Plumbing,Medium,approved,Existing Falcon Mail label retained.,Plumbing Services,,falcon:T_PLM_019,falcon:T_PLM_019,falcon_mail_v1,382,synthetic,Plumbing,Medium,,,,validation
falcon-0383,Brown discolored sediment-laden tap water coming out of drinking fountain.,Plumbing,High,Plumbing,High,approved,Existing Falcon Mail label retained.,Plumbing Services,,falcon:T_PLM_009,falcon:T_PLM_009,falcon_mail_v1,383,synthetic,Plumbing,High,,,,train
falcon-0384,Student cafeteria indoor dining hall is poorly ventilated and stifling hot affecting people in the area.,Facilities,Low,Facilities,Low,approved,Existing Falcon Mail label retained.,Facilities & Infrastructure,,falcon:T_FAC_004,falcon:T_FAC_004,falcon_mail_v1,384,synthetic,Facilities,Low,,,,train
falcon-0385,Lost prescription eyewear inside a black protective case near Block A stairwell.,Other,Low,Other,Low,approved,Existing Falcon Mail label retained.,General Services / Helpdesk,,falcon:T_OTH_007,falcon:T_OTH_007,falcon_mail_v1,385,synthetic,Other,Low,,,,train
falcon-0386,Shower floor drain in hostel room 304 is blocked with pooling stagnant water.,Plumbing,Medium,Plumbing,Medium,approved,Existing Falcon Mail label retained.,Plumbing Services,,falcon:T_PLM_010,falcon:T_PLM_010,falcon_mail_v1,386,synthetic,Plumbing,Medium,,,,test
falcon-0387,Main electrical distribution panel in basement is producing visible arcing sparks which is affecting normal activities.,Electrical,Critical,Electrical,Critical,approved,Existing Falcon Mail label retained.,Electrical Maintenance Services,,falcon:T_ELC_010,falcon:T_ELC_010,falcon_mail_v1,387,synthetic,Electrical,Critical,,,,validation
falcon-0388,Emergency exit door in Block C is padlocked shut preventing evacuation observed during the morning class.,Safety,Critical,Safety,Critical,approved,Existing Falcon Mail label retained.,Campus Security & Safety Office,,falcon:T_SAF_003,falcon:T_SAF_003,falcon_mail_v1,388,synthetic,Safety,Critical,,,,train
falcon-0389,Academic advisor has not responded to elective course approval request for two weeks.,Academic,Medium,Academic,Medium,approved,Existing Falcon Mail label retained.,Academic Affairs & Registrar,,falcon:T_ACD_013,falcon:T_ACD_013,falcon_mail_v1,389,synthetic,Academic,Medium,,,,train
falcon-0390,Exhaust fan electrical cabling short-circuited inside cafeteria kitchen noticed by several students.,Electrical,High,Electrical,High,approved,Existing Falcon Mail label retained.,Electrical Maintenance Services,,falcon:T_ELC_012,falcon:T_ELC_012,falcon_mail_v1,390,synthetic,Electrical,High,,,,train
falcon-0391,Brown discolored sediment-laden tap water coming out of drinking fountain since yesterday morning.,Plumbing,High,Plumbing,High,approved,Existing Falcon Mail label retained.,Plumbing Services,,falcon:T_PLM_009,falcon:T_PLM_009,falcon_mail_v1,391,synthetic,Plumbing,High,,,,train
falcon-0392,Waste drainage pipe under library washbasin is uncoupled and leaking.,Plumbing,Medium,Plumbing,Medium,approved,Existing Falcon Mail label retained.,Plumbing Services,,falcon:T_PLM_005,falcon:T_PLM_005,falcon_mail_v1,392,synthetic,Plumbing,Medium,,,,train
falcon-0393,Hand wash liquid soap dispensers in central restrooms have been all empty.,Cleanliness,Medium,Cleanliness,Medium,approved,Existing Falcon Mail label retained.,Housekeeping & Janitorial Services,,falcon:T_CLN_018,falcon:T_CLN_018,falcon_mail_v1,393,synthetic,Cleanliness,Medium,,,,train
falcon-0394,Microwave oven in the cafeteria dining area has been sparking inside.,Facilities,High,Facilities,High,approved,Existing Falcon Mail label retained.,Facilities & Infrastructure,,falcon:T_FAC_012,falcon:T_FAC_012,falcon_mail_v1,394,synthetic,Facilities,High,,,,train
falcon-0395,My learning portal is not displaying registered subjects and exam starts tomorrow morning.,Academic,High,Academic,High,approved,Existing Falcon Mail label retained.,Academic Affairs & Registrar,,falcon:T_ACD_001,falcon:T_ACD_001,falcon_mail_v1,395,synthetic,Academic,High,,,,validation
falcon-0396,Found a bunch of keys with a blue lanyard on the wooden bench outside cafeteria for the past two days.,Other,Low,Other,Low,approved,Existing Falcon Mail label retained.,General Services / Helpdesk,,falcon:T_OTH_002,falcon:T_OTH_002,falcon_mail_v1,396,synthetic,Other,Low,,,,train
falcon-0397,Financial hold on portal preventing exam hall ticket download after paying dues.,Administration,High,Administration,High,approved,Existing Falcon Mail label retained.,General Administration,,falcon:T_ADM_018,falcon:T_ADM_018,falcon_mail_v1,397,synthetic,Administration,High,,,,train
falcon-0398,Reading desk overhead lamps in library quiet zone have burned out for the past two days.,Facilities,Low,Facilities,Low,approved,Existing Falcon Mail label retained.,Facilities & Infrastructure,,falcon:T_FAC_009,falcon:T_FAC_009,falcon_mail_v1,398,synthetic,Facilities,Low,,,,test
falcon-0399,Overhead lighting fixtures in ground floor corridor are dead leaving area dark noticed by several students.,Electrical,Medium,Electrical,Medium,approved,Existing Falcon Mail label retained.,Electrical Maintenance Services,,falcon:T_ELC_015,falcon:T_ELC_015,falcon_mail_v1,399,synthetic,Electrical,Medium,,,,train
falcon-0400,Laboratory manual for Microprocessors contains outdated and conflicting circuit diagrams.,Academic,Low,Academic,Low,approved,Existing Falcon Mail label retained.,Academic Affairs & Registrar,,falcon:T_ACD_007,falcon:T_ACD_007,falcon_mail_v1,400,synthetic,Academic,Low,,,,train
falcon-0401,Sanitary vending machine in female facility is empty and jammed.,Facilities,Medium,Facilities,Medium,approved,Existing Falcon Mail label retained.,Facilities & Infrastructure,,falcon:T_FAC_014,falcon:T_FAC_014,falcon_mail_v1,401,synthetic,Facilities,Medium,,,,train
falcon-0402,Unidentified person without visitor badge wandering inside student dormitories.,Safety,High,Safety,High,approved,Existing Falcon Mail label retained.,Campus Security & Safety Office,,falcon:T_SAF_014,falcon:T_SAF_014,falcon_mail_v1,402,synthetic,Safety,High,,,,train
falcon-0403,Tuition fee refund request for duplicate transaction has been delayed over four weeks.,Administration,Medium,Administration,Medium,approved,Existing Falcon Mail label retained.,General Administration,,falcon:T_ADM_001,falcon:T_ADM_001,falcon_mail_v1,403,synthetic,Administration,Medium,,,,train
falcon-0404,Exploding aerosol spray canisters inside dormitory incinerator chute ignited surrounding garbage for the past two days.,Safety,Critical,Safety,Critical,approved,Existing Falcon Mail label retained.,Campus Security & Safety Office,,falcon:T_EMG_030,falcon:T_EMG_030,falcon_mail_v1,404,synthetic,Safety,Critical,,,,validation
falcon-0405,University transport mobile application has been failing to transmit live GPS location.,Transport,Low,Transport,Low,approved,Existing Falcon Mail label retained.,Transport & Parking Department,,falcon:T_TRN_008,falcon:T_TRN_008,falcon_mail_v1,405,synthetic,Transport,Low,,,,test
falcon-0406,Fee breakdown receipt statement omits laboratory fee component several people have pointed this out.,Administration,Low,Administration,Low,approved,Existing Falcon Mail label retained.,General Administration,,falcon:T_ADM_017,falcon:T_ADM_017,falcon_mail_v1,406,synthetic,Administration,Low,,,,train
falcon-0407,Aggressive stray dog entered the campus perimeter near the sports ground for the past two days.,Safety,Medium,Safety,Medium,approved,Existing Falcon Mail label retained.,Campus Security & Safety Office,,falcon:T_SAF_004,falcon:T_SAF_004,falcon_mail_v1,407,synthetic,Safety,Medium,,,,train
falcon-0408,Unattended suspicious package left abandoned near the main entrance lobby.,Safety,Critical,Safety,Critical,approved,Existing Falcon Mail label retained.,Campus Security & Safety Office,,falcon:T_SAF_007,falcon:T_SAF_007,falcon_mail_v1,408,synthetic,Safety,Critical,,,,train
falcon-0409,Overhead water storage tank on Block C roof is overflowing down the exterior wall affecting people in the area.,Plumbing,Medium,Plumbing,Medium,approved,Existing Falcon Mail label retained.,Plumbing Services,,falcon:T_PLM_015,falcon:T_PLM_015,falcon_mail_v1,409,synthetic,Plumbing,Medium,,,,train
falcon-0410,Urinal drains in ground floor male restroom blocked and emitting stench.,Cleanliness,High,Cleanliness,High,approved,Existing Falcon Mail label retained.,Housekeeping & Janitorial Services,,falcon:T_CLN_020,falcon:T_CLN_020,falcon_mail_v1,410,synthetic,Cleanliness,High,,,,train
falcon-0411,Main circuit breaker tripped in Physics Lab 2 shutting off delicate lab sensors.,Electrical,Medium,Electrical,Medium,approved,Existing Falcon Mail label retained.,Electrical Maintenance Services,,falcon:T_ELC_004,falcon:T_ELC_004,falcon_mail_v1,411,synthetic,Electrical,Medium,,,,train
falcon-0412,Graduation clearance portal is rejecting attested valid degree documentation.,Administration,High,Administration,High,approved,Existing Falcon Mail label retained.,General Administration,,falcon:T_ADM_014,falcon:T_ADM_014,falcon_mail_v1,412,synthetic,Administration,High,,,,validation
falcon-0413,Heavy pressurized argon cylinder ruptured launching across mechanical engineering workshop floor.,Safety,Critical,Safety,Critical,approved,Existing Falcon Mail label retained.,Campus Security & Safety Office,,falcon:T_EMG_020,falcon:T_EMG_020,falcon_mail_v1,413,synthetic,Safety,Critical,,,,validation
falcon-0414,Flush cistern mechanism in girls restroom floor 1 running continuously which is affecting normal activities.,Plumbing,Low,Plumbing,Low,approved,Existing Falcon Mail label retained.,Plumbing Services,,falcon:T_PLM_007,falcon:T_PLM_007,falcon_mail_v1,414,synthetic,Plumbing,Low,,,,validation
falcon-0415,Stench of rotting garbage emanating from dumpsters behind the student canteen which is affecting normal activities.,Cleanliness,Medium,Cleanliness,Medium,approved,Existing Falcon Mail label retained.,Housekeeping & Janitorial Services,,falcon:T_CLN_006,falcon:T_CLN_006,falcon_mail_v1,415,synthetic,Cleanliness,Medium,,,,train
falcon-0416,Pungent gas leak smell detected near the chemical storage depot which is affecting normal activities.,Safety,Critical,Safety,Critical,approved,Existing Falcon Mail label retained.,Campus Security & Safety Office,,falcon:T_SAF_010,falcon:T_SAF_010,falcon_mail_v1,416,synthetic,Safety,Critical,,,,train
falcon-0417,Lightning strike ignited structural roof trusses of academic Block A.,Safety,Critical,Safety,Critical,approved,Existing Falcon Mail label retained.,Campus Security & Safety Office,,falcon:T_EMG_031,falcon:T_EMG_031,falcon_mail_v1,417,synthetic,Safety,Critical,,,,train
falcon-0418,Bus timetable posted on campus board contradicts the digital schedule affecting people in the area.,Transport,Low,Transport,Low,approved,Existing Falcon Mail label retained.,Transport & Parking Department,,falcon:T_TRN_020,falcon:T_TRN_020,falcon_mail_v1,418,synthetic,Transport,Low,,,,validation
falcon-0419,Concentrated nitric acid carboy shattered across laboratory floor producing choking nitrogen dioxide fumes.,Safety,Critical,Safety,Critical,approved,Existing Falcon Mail label retained.,Campus Security & Safety Office,,falcon:T_EMG_014,falcon:T_EMG_014,falcon_mail_v1,419,synthetic,Safety,Critical,,,,test
falcon-0420,Submitting final assignments on the portal produces an internal server 500 error which is affecting normal activities.,IT,High,IT,High,approved,Existing Falcon Mail label retained.,IT Support & Services,,falcon:T_IT_017,falcon:T_IT_017,falcon_mail_v1,420,synthetic,IT,High,,,,train
falcon-0421,There has been thick smoke coming from an electrical panel near Block A ground floor.,Safety,Critical,Safety,Critical,approved,Existing Falcon Mail label retained.,Campus Security & Safety Office,,falcon:T_SAF_001,falcon:T_SAF_001,falcon_mail_v1,421,synthetic,Safety,Critical,,,,train
falcon-0422,Excessively loud amplified music played late at night from adjacent hostel wing.,Other,Low,Other,Low,approved,Existing Falcon Mail label retained.,General Services / Helpdesk,,falcon:T_OTH_009,falcon:T_OTH_009,falcon_mail_v1,422,synthetic,Other,Low,,,,validation
falcon-0423,Toilet bowl in male restroom Room 102 is clogged and overflowing onto floor.,Plumbing,High,Plumbing,High,approved,Existing Falcon Mail label retained.,Plumbing Services,,falcon:T_PLM_003,falcon:T_PLM_003,falcon_mail_v1,423,synthetic,Plumbing,High,,,,train
falcon-0424,Fire alarm sensor in Block B is sounding continuous false alarms.,Safety,Medium,Safety,Medium,approved,Existing Falcon Mail label retained.,Campus Security & Safety Office,,falcon:T_SAF_013,falcon:T_SAF_013,falcon_mail_v1,424,synthetic,Safety,Medium,,,,train
falcon-0425,An injured campus cat near the staff car park requires immediate veterinary care since yesterday morning.,Other,Medium,Other,Medium,approved,Existing Falcon Mail label retained.,General Services / Helpdesk,,falcon:T_OTH_004,falcon:T_OTH_004,falcon_mail_v1,425,synthetic,Other,Medium,,,,train
falcon-0426,HDMI cable attached to the teaching podium in Room 210 is torn.,IT,Low,IT,Low,approved,Existing Falcon Mail label retained.,IT Support & Services,,falcon:T_IT_018,falcon:T_IT_018,falcon_mail_v1,426,synthetic,IT,Low,,,,validation
falcon-0427,Attendance record is falsely marking me absent for yesterday's lab session.,Academic,Medium,Academic,Medium,approved,Existing Falcon Mail label retained.,Academic Affairs & Registrar,,falcon:T_ACD_009,falcon:T_ACD_009,falcon_mail_v1,427,synthetic,Academic,Medium,,,,test
falcon-0428,Ceiling panel near the faculty lounge is sagging heavily and about to fall.,Maintenance,High,Maintenance,High,approved,Existing Falcon Mail label retained.,Facilities Management & Maintenance,,falcon:T_MNT_005,falcon:T_MNT_005,falcon_mail_v1,428,synthetic,Maintenance,High,,,,train
falcon-0429,Severe exhaust fumes leaking into the passenger cabin of bus 4 this has been ongoing since last week.,Transport,High,Transport,High,approved,Existing Falcon Mail label retained.,Transport & Parking Department,,falcon:T_TRN_019,falcon:T_TRN_019,falcon_mail_v1,429,synthetic,Transport,High,,,,train
falcon-0430,Automatic sliding glass door at the main entrance is stuck half-open.,Maintenance,Medium,Maintenance,Medium,approved,Existing Falcon Mail label retained.,Facilities Management & Maintenance,,falcon:T_MNT_013,falcon:T_MNT_013,falcon_mail_v1,430,synthetic,Maintenance,Medium,,,,train
falcon-0431,Shuttle bus driver was operating vehicle recklessly near the pedestrian crossing which is affecting normal activities.,Transport,High,Transport,High,approved,Existing Falcon Mail label retained.,Transport & Parking Department,,falcon:T_TRN_002,falcon:T_TRN_002,falcon_mail_v1,431,synthetic,Transport,High,,,,test
falcon-0432,Recorded lecture video links on the portal are broken and return 404 causing inconvenience to students and staff.,Academic,Low,Academic,Low,approved,Existing Falcon Mail label retained.,Academic Affairs & Registrar,,falcon:T_ACD_016,falcon:T_ACD_016,falcon_mail_v1,432,synthetic,Academic,Low,,,,train
falcon-0433,Drone flown unauthorized over student dormitory recreational area causing inconvenience to students and staff.,Other,Medium,Other,Medium,approved,Existing Falcon Mail label retained.,General Services / Helpdesk,,falcon:T_OTH_018,falcon:T_OTH_018,falcon_mail_v1,433,synthetic,Other,Medium,,,,train
falcon-0434,Instructor was absent without notice for the scheduled 9 AM mathematics lecture observed during the morning class.,Academic,Medium,Academic,Medium,approved,Existing Falcon Mail label retained.,Academic Affairs & Registrar,,falcon:T_ACD_004,falcon:T_ACD_004,falcon_mail_v1,434,synthetic,Academic,Medium,,,,validation
falcon-0435,The printer in the student center ran out of toner and paper.,IT,Low,IT,Low,approved,Existing Falcon Mail label retained.,IT Support & Services,,falcon:T_IT_006,falcon:T_IT_006,falcon_mail_v1,435,synthetic,IT,Low,,,,train
falcon-0436,Software license for MATLAB expired on all machines in Engineering Lab 2 since yesterday morning.,IT,Medium,IT,Medium,approved,Existing Falcon Mail label retained.,IT Support & Services,,falcon:T_IT_014,falcon:T_IT_014,falcon_mail_v1,436,synthetic,IT,Medium,,,,train
falcon-0437,Ethernet network port in faculty office 215 is physically loose and broken.,IT,Low,IT,Low,approved,Existing Falcon Mail label retained.,IT Support & Services,,falcon:T_IT_012,falcon:T_IT_012,falcon_mail_v1,437,synthetic,IT,Low,,,,test
falcon-0438,Attendance record is falsely marking me absent for yesterday's lab session reported earlier today.,Academic,Medium,Academic,Medium,approved,Existing Falcon Mail label retained.,Academic Affairs & Registrar,,falcon:T_ACD_009,falcon:T_ACD_009,falcon_mail_v1,438,synthetic,Academic,Medium,,,,test
falcon-0439,Large tree branch fractured and hanging precariously over student walkway.,Safety,High,Safety,High,approved,Existing Falcon Mail label retained.,Campus Security & Safety Office,,falcon:T_SAF_017,falcon:T_SAF_017,falcon_mail_v1,439,synthetic,Safety,High,,,,train
falcon-0440,Transcript delivery address was recorded incorrectly by the registrar desk observed during the morning class.,Administration,Medium,Administration,Medium,approved,Existing Falcon Mail label retained.,General Administration,,falcon:T_ADM_019,falcon:T_ADM_019,falcon_mail_v1,440,synthetic,Administration,Medium,,,,train
falcon-0441,Shower floor drain in hostel room 304 has been blocked with pooling stagnant water.,Plumbing,Medium,Plumbing,Medium,approved,Existing Falcon Mail label retained.,Plumbing Services,,falcon:T_PLM_010,falcon:T_PLM_010,falcon_mail_v1,441,synthetic,Plumbing,Medium,,,,test
falcon-0442,Noisy structural drilling outside library during mid-semester examination hours.,Other,Medium,Other,Medium,approved,Existing Falcon Mail label retained.,General Services / Helpdesk,,falcon:T_OTH_005,falcon:T_OTH_005,falcon_mail_v1,442,synthetic,Other,Medium,,,,train
falcon-0443,Student health insurance card was not delivered to international freshmen affecting people in the area.,Administration,Medium,Administration,Medium,approved,Existing Falcon Mail label retained.,General Administration,,falcon:T_ADM_012,falcon:T_ADM_012,falcon_mail_v1,443,synthetic,Administration,Medium,,,,train
falcon-0444,Main campus data center UPS battery bank in thermal runaway emitting acrid toxic fumes.,IT,Critical,IT,Critical,approved,Existing Falcon Mail label retained.,IT Support & Services,,falcon:T_EMG_010,falcon:T_EMG_010,falcon_mail_v1,444,synthetic,IT,Critical,,,,validation
falcon-0445,Metal shutter of the cafeteria supply room is off its alignment track.,Maintenance,Medium,Maintenance,Medium,approved,Existing Falcon Mail label retained.,Facilities Management & Maintenance,,falcon:T_MNT_017,falcon:T_MNT_017,falcon_mail_v1,445,synthetic,Maintenance,Medium,,,,test
falcon-0446,Cloud storage drive for final year project repository is inaccessible which is affecting normal activities.,IT,High,IT,High,approved,Existing Falcon Mail label retained.,IT Support & Services,,falcon:T_IT_020,falcon:T_IT_020,falcon_mail_v1,446,synthetic,IT,High,,,,train
falcon-0447,Campus shuttle bus route 2 arrived 45 minutes late during morning pickup causing inconvenience to students and staff.,Transport,Medium,Transport,Medium,approved,Existing Falcon Mail label retained.,Transport & Parking Department,,falcon:T_TRN_001,falcon:T_TRN_001,falcon_mail_v1,447,synthetic,Transport,Medium,,,,train
falcon-0448,General inquiry regarding the working hours of the campus lost and found repository.,Other,Low,Other,Low,approved,Existing Falcon Mail label retained.,General Services / Helpdesk,,falcon:T_OTH_010,falcon:T_OTH_010,falcon_mail_v1,448,synthetic,Other,Low,,,,train
falcon-0449,Washroom floor is flooded with contaminated water and slippery soap lather causing inconvenience to students and staff.,Cleanliness,High,Cleanliness,High,approved,Existing Falcon Mail label retained.,Housekeeping & Janitorial Services,,falcon:T_CLN_008,falcon:T_CLN_008,falcon_mail_v1,449,synthetic,Cleanliness,High,,,,train
falcon-0450,Lost blue student backpack containing textbooks near the sports ground bleachers.,Other,Low,Other,Low,approved,Existing Falcon Mail label retained.,General Services / Helpdesk,,falcon:T_OTH_015,falcon:T_OTH_015,falcon_mail_v1,450,synthetic,Other,Low,,,,validation
falcon-0451,Final exam hall seating arrangement list shows conflicting room numbers for students since yesterday morning.,Academic,High,Academic,High,approved,Existing Falcon Mail label retained.,Academic Affairs & Registrar,,falcon:T_ACD_012,falcon:T_ACD_012,falcon_mail_v1,451,synthetic,Academic,High,,,,train
falcon-0452,Central elevator freefell two floors and passengers are trapped inside with injuries since yesterday morning.,Maintenance,Critical,Maintenance,Critical,approved,Existing Falcon Mail label retained.,Facilities Management & Maintenance,,falcon:T_EMG_002,falcon:T_EMG_002,falcon_mail_v1,452,synthetic,Maintenance,Critical,,,,train
falcon-0453,VPN authentication server has been rejecting valid student credentials.,IT,High,IT,High,approved,Existing Falcon Mail label retained.,IT Support & Services,,falcon:T_IT_016,falcon:T_IT_016,falcon_mail_v1,453,synthetic,IT,High,,,,train
falcon-0454,Concentrated nitric acid carboy shattered across laboratory floor producing choking nitrogen dioxide fumes since yesterday morning.,Safety,Critical,Safety,Critical,approved,Existing Falcon Mail label retained.,Campus Security & Safety Office,,falcon:T_EMG_014,falcon:T_EMG_014,falcon_mail_v1,454,synthetic,Safety,Critical,,,,test
falcon-0455,Feedback regarding food options and dietary variety in campus food stalls this has been ongoing since last week.,Other,Low,Other,Low,approved,Existing Falcon Mail label retained.,General Services / Helpdesk,,falcon:T_OTH_020,falcon:T_OTH_020,falcon_mail_v1,455,synthetic,Other,Low,,,,validation
falcon-0456,Academic scholarship stipend disbursement check has not cleared into student bank account causing inconvenience to students and staff.,Administration,High,Administration,High,approved,Existing Falcon Mail label retained.,General Administration,,falcon:T_ADM_005,falcon:T_ADM_005,falcon_mail_v1,456,synthetic,Administration,High,,,,train
falcon-0457,UPS battery storage cabinet in server room is emitting high-pitched warning sirens since yesterday morning.,Electrical,High,Electrical,High,approved,Existing Falcon Mail label retained.,Electrical Maintenance Services,,falcon:T_ELC_007,falcon:T_ELC_007,falcon_mail_v1,457,synthetic,Electrical,High,,,,train
falcon-0458,Severe exhaust fumes leaking into the passenger cabin of bus 4.,Transport,High,Transport,High,approved,Existing Falcon Mail label retained.,Transport & Parking Department,,falcon:T_TRN_019,falcon:T_TRN_019,falcon_mail_v1,458,synthetic,Transport,High,,,,train
falcon-0459,Recycling receptacles in Computer Lab 1 have not been emptied for days noticed by several students.,Cleanliness,Low,Cleanliness,Low,approved,Existing Falcon Mail label retained.,Housekeeping & Janitorial Services,,falcon:T_CLN_011,falcon:T_CLN_011,falcon_mail_v1,459,synthetic,Cleanliness,Low,,,,validation
falcon-0460,Severe voltage fluctuations in Room 401 caused equipment monitors to reset.,Electrical,Medium,Electrical,Medium,approved,Existing Falcon Mail label retained.,Electrical Maintenance Services,,falcon:T_ELC_009,falcon:T_ELC_009,falcon_mail_v1,460,synthetic,Electrical,Medium,,,,train
falcon-0461,Bus shelter canopy is leaking water heavily during rainy weather affecting people in the area.,Transport,Low,Transport,Low,approved,Existing Falcon Mail label retained.,Transport & Parking Department,,falcon:T_TRN_007,falcon:T_TRN_007,falcon_mail_v1,461,synthetic,Transport,Low,,,,train
falcon-0462,Campus parking permit fee was debited twice from my university billing account since yesterday morning.,Administration,Medium,Administration,Medium,approved,Existing Falcon Mail label retained.,General Administration,,falcon:T_ADM_010,falcon:T_ADM_010,falcon_mail_v1,462,synthetic,Administration,Medium,,,,train
falcon-0463,The projector in Lecture Hall A is flickering and won't display slides clearly.,IT,Low,IT,Low,approved,Existing Falcon Mail label retained.,IT Support & Services,,falcon:T_IT_003,falcon:T_IT_003,falcon_mail_v1,463,synthetic,IT,Low,,,,train
falcon-0464,University transport mobile application is failing to transmit live GPS location.,Transport,Low,Transport,Low,approved,Existing Falcon Mail label retained.,Transport & Parking Department,,falcon:T_TRN_008,falcon:T_TRN_008,falcon_mail_v1,464,synthetic,Transport,Low,,,,test
falcon-0465,Out-of-control campus vehicle smashed through security barrier into crowded pedestrian plaza which is affecting normal activities.,Safety,Critical,Safety,Critical,approved,Existing Falcon Mail label retained.,Campus Security & Safety Office,,falcon:T_EMG_018,falcon:T_EMG_018,falcon_mail_v1,465,synthetic,Safety,Critical,,,,train
falcon-0466,Severe toxic chlorine gas leak detected from the aquatic center filtration plant.,Safety,Critical,Safety,Critical,approved,Existing Falcon Mail label retained.,Campus Security & Safety Office,,falcon:T_EMG_005,falcon:T_EMG_005,falcon_mail_v1,466,synthetic,Safety,Critical,,,,train
falcon-0467,Toilet bowl in male restroom Room 102 has been clogged and overflowing onto floor.,Plumbing,High,Plumbing,High,approved,Existing Falcon Mail label retained.,Plumbing Services,,falcon:T_PLM_003,falcon:T_PLM_003,falcon_mail_v1,467,synthetic,Plumbing,High,,,,train
falcon-0468,Partition divider in Seminar Hall 1 is unsteady and rattling.,Maintenance,Low,Maintenance,Low,approved,Existing Falcon Mail label retained.,Facilities Management & Maintenance,,falcon:T_MNT_019,falcon:T_MNT_019,falcon_mail_v1,468,synthetic,Maintenance,Low,,,,test
falcon-0469,Graduation clearance portal has been rejecting attested valid degree documentation.,Administration,High,Administration,High,approved,Existing Falcon Mail label retained.,General Administration,,falcon:T_ADM_014,falcon:T_ADM_014,falcon_mail_v1,469,synthetic,Administration,High,,,,validation
falcon-0470,Boiler pressure valve in residential block ruptured spewing hot steam.,Plumbing,High,Plumbing,High,approved,Existing Falcon Mail label retained.,Plumbing Services,,falcon:T_PLM_011,falcon:T_PLM_011,falcon_mail_v1,470,synthetic,Plumbing,High,,,,train
falcon-0471,Severe flash flooding rapidly submerging basement computer laboratory trapping students for the past two days.,Safety,Critical,Safety,Critical,approved,Existing Falcon Mail label retained.,Campus Security & Safety Office,,falcon:T_EMG_011,falcon:T_EMG_011,falcon_mail_v1,471,synthetic,Safety,Critical,,,,train
falcon-0472,Administration helpdesk staff was uncooperative regarding clearance sign-off this has been ongoing since last week.,Administration,Low,Administration,Low,approved,Existing Falcon Mail label retained.,General Administration,,falcon:T_ADM_008,falcon:T_ADM_008,falcon_mail_v1,472,synthetic,Administration,Low,,,,train
falcon-0473,Stagnant rainwater puddle in hostel courtyard breeding mosquitoes.,Cleanliness,High,Cleanliness,High,approved,Existing Falcon Mail label retained.,Housekeeping & Janitorial Services,,falcon:T_CLN_012,falcon:T_CLN_012,falcon_mail_v1,473,synthetic,Cleanliness,High,,,,train
falcon-0474,Attendance record has been falsely marking me absent for yesterday's lab session.,Academic,Medium,Academic,Medium,approved,Existing Falcon Mail label retained.,Academic Affairs & Registrar,,falcon:T_ACD_009,falcon:T_ACD_009,falcon_mail_v1,474,synthetic,Academic,Medium,,,,test
falcon-0475,Roof shingles near the auditorium terrace are loose after strong winds.,Maintenance,Medium,Maintenance,Medium,approved,Existing Falcon Mail label retained.,Facilities Management & Maintenance,,falcon:T_MNT_018,falcon:T_MNT_018,falcon_mail_v1,475,synthetic,Maintenance,Medium,,,,validation
falcon-0476,Drinking water dispenser on 3rd floor has been dispensing unchilled warm water.,Facilities,Low,Facilities,Low,approved,Existing Falcon Mail label retained.,Facilities & Infrastructure,,falcon:T_FAC_003,falcon:T_FAC_003,falcon_mail_v1,476,synthetic,Facilities,Low,,,,train
falcon-0477,Hostel accommodation allocation list contains duplicated room numbers observed during the morning class.,Administration,Medium,Administration,Medium,approved,Existing Falcon Mail label retained.,General Administration,,falcon:T_ADM_009,falcon:T_ADM_009,falcon_mail_v1,477,synthetic,Administration,Medium,,,,test
falcon-0478,Air conditioning in Lecture Hall 2 stopped working and the room has been overheating.,Maintenance,Medium,Maintenance,Medium,approved,Existing Falcon Mail label retained.,Facilities Management & Maintenance,,falcon:T_MNT_003,falcon:T_MNT_003,falcon_mail_v1,478,synthetic,Maintenance,Medium,,,,validation
falcon-0479,Heavy duty extension cord in seminar auditorium has frayed burnt rubber insulation.,Electrical,High,Electrical,High,approved,Existing Falcon Mail label retained.,Electrical Maintenance Services,,falcon:T_ELC_013,falcon:T_ELC_013,falcon_mail_v1,479,synthetic,Electrical,High,,,,test
falcon-0480,The biometric attendance scanner at the main gate entrance is completely offline.,IT,High,IT,High,approved,Existing Falcon Mail label retained.,IT Support & Services,,falcon:T_IT_019,falcon:T_IT_019,falcon_mail_v1,480,synthetic,IT,High,,,,train
falcon-0481,The campus wireless signal is completely dead in the science building basement for the past two days.,IT,Medium,IT,Medium,approved,Existing Falcon Mail label retained.,IT Support & Services,,falcon:T_IT_013,falcon:T_IT_013,falcon_mail_v1,481,synthetic,IT,Medium,,,,validation
falcon-0482,Corridor motion sensors for automatic lights are defective affecting people in the area.,Electrical,Low,Electrical,Low,approved,Existing Falcon Mail label retained.,Electrical Maintenance Services,,falcon:T_ELC_018,falcon:T_ELC_018,falcon_mail_v1,482,synthetic,Electrical,Low,,,,train
falcon-0483,Parking payment kiosk took cash note but did not dispense an exit validation ticket.,Transport,Low,Transport,Low,approved,Existing Falcon Mail label retained.,Transport & Parking Department,,falcon:T_TRN_013,falcon:T_TRN_013,falcon_mail_v1,483,synthetic,Transport,Low,,,,validation
falcon-0484,Hand sanitizer dispensers throughout the science block are completely dry.,Facilities,Low,Facilities,Low,approved,Existing Falcon Mail label retained.,Facilities & Infrastructure,,falcon:T_FAC_018,falcon:T_FAC_018,falcon_mail_v1,484,synthetic,Facilities,Low,,,,train
falcon-0485,Only one cashier counter has been operating at student finance resulting in massive queues.,Administration,Low,Administration,Low,approved,Existing Falcon Mail label retained.,General Administration,,falcon:T_ADM_002,falcon:T_ADM_002,falcon_mail_v1,485,synthetic,Administration,Low,,,,train
falcon-0486,Fire alarm sensor in Block B is sounding continuous false alarms reported earlier today.,Safety,Medium,Safety,Medium,approved,Existing Falcon Mail label retained.,Campus Security & Safety Office,,falcon:T_SAF_013,falcon:T_SAF_013,falcon_mail_v1,486,synthetic,Safety,Medium,,,,train
falcon-0487,Regarding the campus facilities: The desktop computer in Room 108 will not power on at all.,IT,Low,IT,Low,approved,Existing Falcon Mail label retained.,IT Support & Services,,falcon:T_IT_011,falcon:T_IT_011,falcon_mail_v1,487,synthetic,IT,Low,,,,validation
falcon-0488,Active fire and dense smoke spreading in the organic chemistry fume hood causing inconvenience to students and staff.,Safety,Critical,Safety,Critical,approved,Existing Falcon Mail label retained.,Campus Security & Safety Office,,falcon:T_EMG_001,falcon:T_EMG_001,falcon_mail_v1,488,synthetic,Safety,Critical,,,,train
falcon-0489,Transport pass renewal counter clerk behaved discourteously to queuing students this has been ongoing since last week.,Administration,Low,Administration,Low,approved,Existing Falcon Mail label retained.,General Administration,,falcon:T_ADM_016,falcon:T_ADM_016,falcon_mail_v1,489,synthetic,Administration,Low,,,,train
falcon-0490,General inquiry regarding the working hours of the campus lost and found repository observed during the morning class.,Other,Low,Other,Low,approved,Existing Falcon Mail label retained.,General Services / Helpdesk,,falcon:T_OTH_010,falcon:T_OTH_010,falcon_mail_v1,490,synthetic,Other,Low,,,,train
falcon-0491,Late night scheduled shuttle service was cancelled without prior broadcast reported earlier today.,Transport,Medium,Transport,Medium,approved,Existing Falcon Mail label retained.,Transport & Parking Department,,falcon:T_TRN_009,falcon:T_TRN_009,falcon_mail_v1,491,synthetic,Transport,Medium,,,,train
falcon-0492,Power outage in Block B west wing plunged classrooms into total darkness.,Electrical,High,Electrical,High,approved,Existing Falcon Mail label retained.,Electrical Maintenance Services,,falcon:T_ELC_001,falcon:T_ELC_001,falcon_mail_v1,492,synthetic,Electrical,High,,,,train
falcon-0493,Study cubicles in the library have defective desks and dead electrical sockets.,Facilities,Low,Facilities,Low,approved,Existing Falcon Mail label retained.,Facilities & Infrastructure,,falcon:T_FAC_002,falcon:T_FAC_002,falcon_mail_v1,493,synthetic,Facilities,Low,,,,test
falcon-0494,Outdoor transformer unit in courtyard making loud buzzing humming sound.,Electrical,High,Electrical,High,approved,Existing Falcon Mail label retained.,Electrical Maintenance Services,,falcon:T_ELC_019,falcon:T_ELC_019,falcon_mail_v1,494,synthetic,Electrical,High,,,,train
falcon-0495,Recommended textbooks for Engineering Physics are out of stock in the campus library.,Academic,Low,Academic,Low,approved,Existing Falcon Mail label retained.,Academic Affairs & Registrar,,falcon:T_ACD_006,falcon:T_ACD_006,falcon_mail_v1,495,synthetic,Academic,Low,,,,train
falcon-0496,UPS battery storage cabinet in server room is emitting high-pitched warning sirens.,Electrical,High,Electrical,High,approved,Existing Falcon Mail label retained.,Electrical Maintenance Services,,falcon:T_ELC_007,falcon:T_ELC_007,falcon_mail_v1,496,synthetic,Electrical,High,,,,train
falcon-0497,Main campus data center UPS battery bank in thermal runaway emitting acrid toxic fumes since yesterday morning.,IT,Critical,IT,Critical,approved,Existing Falcon Mail label retained.,IT Support & Services,,falcon:T_EMG_010,falcon:T_EMG_010,falcon_mail_v1,497,synthetic,IT,Critical,,,,validation
falcon-0498,Shattered glass shards scattered across the main walkway near the cafeteria.,Safety,Medium,Safety,Medium,approved,Existing Falcon Mail label retained.,Campus Security & Safety Office,,falcon:T_SAF_015,falcon:T_SAF_015,falcon_mail_v1,498,synthetic,Safety,Medium,,,,train
falcon-0499,Elevator in the Administration building is making grinding noises and jerking abruptly.,Maintenance,High,Maintenance,High,approved,Existing Falcon Mail label retained.,Facilities Management & Maintenance,,falcon:T_MNT_004,falcon:T_MNT_004,falcon_mail_v1,499,synthetic,Maintenance,High,,,,train
falcon-0500,Lost black leather wallet containing student identity card and bank cards near library since yesterday morning.,Other,Low,Other,Low,approved,Existing Falcon Mail label retained.,General Services / Helpdesk,,falcon:T_OTH_001,falcon:T_OTH_001,falcon_mail_v1,500,synthetic,Other,Low,,,,train
falcon-0501,Fire alarm sensor in Block B has been sounding continuous false alarms.,Safety,Medium,Safety,Medium,approved,Existing Falcon Mail label retained.,Campus Security & Safety Office,,falcon:T_SAF_013,falcon:T_SAF_013,falcon_mail_v1,501,synthetic,Safety,Medium,,,,train
falcon-0502,Heavy construction scaffolding on exterior facade partially collapsed blocking main building exit.,Maintenance,Critical,Maintenance,Critical,approved,Existing Falcon Mail label retained.,Facilities Management & Maintenance,,falcon:T_EMG_027,falcon:T_EMG_027,falcon_mail_v1,502,synthetic,Maintenance,Critical,,,,train
falcon-0503,Oil slick on the workshop floor caused a student to slip and fall heavily.,Safety,High,Safety,High,approved,Existing Falcon Mail label retained.,Campus Security & Safety Office,,falcon:T_SAF_011,falcon:T_SAF_011,falcon_mail_v1,503,synthetic,Safety,High,,,,train
falcon-0504,Heavy construction scaffolding on exterior facade partially collapsed blocking main building exit several people have pointed this out.,Maintenance,Critical,Maintenance,Critical,approved,Existing Falcon Mail label retained.,Facilities Management & Maintenance,,falcon:T_EMG_027,falcon:T_EMG_027,falcon_mail_v1,504,synthetic,Maintenance,Critical,,,,train
falcon-0505,All computers in Lab 204 are frozen and displaying a blue screen crash error causing inconvenience to students and staff.,IT,High,IT,High,approved,Existing Falcon Mail label retained.,IT Support & Services,,falcon:T_IT_004,falcon:T_IT_004,falcon_mail_v1,505,synthetic,IT,High,,,,train
falcon-0506,Lockers in the biology laboratory cannot be locked securely noticed by several students.,Facilities,Low,Facilities,Low,approved,Existing Falcon Mail label retained.,Facilities & Infrastructure,,falcon:T_FAC_017,falcon:T_FAC_017,falcon_mail_v1,506,synthetic,Facilities,Low,,,,train
falcon-0507,Dining tables in cafeteria are coated with sticky spills and food residue.,Cleanliness,Medium,Cleanliness,Medium,approved,Existing Falcon Mail label retained.,Housekeeping & Janitorial Services,,falcon:T_CLN_005,falcon:T_CLN_005,falcon_mail_v1,507,synthetic,Cleanliness,Medium,,,,train
falcon-0508,Elevator in the Administration building has been making grinding noises and jerking abruptly.,Maintenance,High,Maintenance,High,approved,Existing Falcon Mail label retained.,Facilities Management & Maintenance,,falcon:T_MNT_004,falcon:T_MNT_004,falcon_mail_v1,508,synthetic,Maintenance,High,,,,train
falcon-0509,Central auditorium ventilation system is blowing hot dusty air.,Facilities,Medium,Facilities,Medium,approved,Existing Falcon Mail label retained.,Facilities & Infrastructure,,falcon:T_FAC_007,falcon:T_FAC_007,falcon_mail_v1,509,synthetic,Facilities,Medium,,,,train
falcon-0510,Regarding the campus facilities: The printer in the student center ran out of toner and paper.,IT,Low,IT,Low,approved,Existing Falcon Mail label retained.,IT Support & Services,,falcon:T_IT_006,falcon:T_IT_006,falcon_mail_v1,510,synthetic,IT,Low,,,,train
falcon-0511,Course syllabus and reference material for Data Structures have not been uploaded.,Academic,Low,Academic,Low,approved,Existing Falcon Mail label retained.,Academic Affairs & Registrar,,falcon:T_ACD_003,falcon:T_ACD_003,falcon_mail_v1,511,synthetic,Academic,Low,,,,train
falcon-0512,VPN authentication server is rejecting valid student credentials causing inconvenience to students and staff.,IT,High,IT,High,approved,Existing Falcon Mail label retained.,IT Support & Services,,falcon:T_IT_016,falcon:T_IT_016,falcon_mail_v1,512,synthetic,IT,High,,,,train
falcon-0513,Found student umbrella near the main entrance turnstiles after morning rain.,Other,Low,Other,Low,approved,Existing Falcon Mail label retained.,General Services / Helpdesk,,falcon:T_OTH_012,falcon:T_OTH_012,falcon_mail_v1,513,synthetic,Other,Low,,,,validation
falcon-0514,Power outage in Block B west wing plunged classrooms into total darkness observed during the morning class.,Electrical,High,Electrical,High,approved,Existing Falcon Mail label retained.,Electrical Maintenance Services,,falcon:T_ELC_001,falcon:T_ELC_001,falcon_mail_v1,514,synthetic,Electrical,High,,,,train
falcon-0515,Paper re-evaluation submission portal has closed ahead of the officially announced date.,Academic,High,Academic,High,approved,Existing Falcon Mail label retained.,Academic Affairs & Registrar,,falcon:T_ACD_017,falcon:T_ACD_017,falcon_mail_v1,515,synthetic,Academic,High,,,,validation
falcon-0516,Campus parking permit fee was debited twice from my university billing account.,Administration,Medium,Administration,Medium,approved,Existing Falcon Mail label retained.,General Administration,,falcon:T_ADM_010,falcon:T_ADM_010,falcon_mail_v1,516,synthetic,Administration,Medium,,,,train
falcon-0517,Cloud storage drive for final year project repository has been inaccessible.,IT,High,IT,High,approved,Existing Falcon Mail label retained.,IT Support & Services,,falcon:T_IT_020,falcon:T_IT_020,falcon_mail_v1,517,synthetic,IT,High,,,,train
falcon-0518,Restroom near the main cafeteria has not been cleaned since yesterday morning which is affecting normal activities.,Cleanliness,Medium,Cleanliness,Medium,approved,Existing Falcon Mail label retained.,Housekeeping & Janitorial Services,,falcon:T_CLN_001,falcon:T_CLN_001,falcon_mail_v1,518,synthetic,Cleanliness,Medium,,,,train
falcon-0519,Student cafeteria indoor dining hall has been poorly ventilated and stifling hot.,Facilities,Low,Facilities,Low,approved,Existing Falcon Mail label retained.,Facilities & Infrastructure,,falcon:T_FAC_004,falcon:T_FAC_004,falcon_mail_v1,519,synthetic,Facilities,Low,,,,train
falcon-0520,Campus bicycle sharing station near the library has zero functional bicycles.,Transport,Low,Transport,Low,approved,Existing Falcon Mail label retained.,Transport & Parking Department,,falcon:T_TRN_006,falcon:T_TRN_006,falcon_mail_v1,520,synthetic,Transport,Low,,,,train
falcon-0521,Sink tap in faculty kitchenette has been dripping constantly and won't turn off.,Plumbing,Low,Plumbing,Low,approved,Existing Falcon Mail label retained.,Plumbing Services,,falcon:T_PLM_016,falcon:T_PLM_016,falcon_mail_v1,521,synthetic,Plumbing,Low,,,,train
falcon-0522,Outdoor landscape watering valve stuck wide open wasting water for the past two days.,Plumbing,Medium,Plumbing,Medium,approved,Existing Falcon Mail label retained.,Plumbing Services,,falcon:T_PLM_014,falcon:T_PLM_014,falcon_mail_v1,522,synthetic,Plumbing,Medium,,,,train
falcon-0523,Floor ceiling collapse in student common room with falling masonry and exposed rebar causing inconvenience to students and staff.,Maintenance,Critical,Maintenance,Critical,approved,Existing Falcon Mail label retained.,Facilities Management & Maintenance,,falcon:T_EMG_034,falcon:T_EMG_034,falcon_mail_v1,523,synthetic,Maintenance,Critical,,,,validation
falcon-0524,Shuttle driver was texting on phone while operating loaded bus on campus road.,Transport,High,Transport,High,approved,Existing Falcon Mail label retained.,Transport & Parking Department,,falcon:T_TRN_014,falcon:T_TRN_014,falcon_mail_v1,524,synthetic,Transport,High,,,,train
falcon-0525,Student identity card counter remains shut during official advertised office hours.,Administration,Low,Administration,Low,approved,Existing Falcon Mail label retained.,General Administration,,falcon:T_ADM_003,falcon:T_ADM_003,falcon_mail_v1,525,synthetic,Administration,Low,,,,train
falcon-0526,Official grade transcript generated on portal contains incorrect marks for Semester 3 several people have pointed this out.,Academic,High,Academic,High,approved,Existing Falcon Mail label retained.,Academic Affairs & Registrar,,falcon:T_ACD_005,falcon:T_ACD_005,falcon_mail_v1,526,synthetic,Academic,High,,,,train
falcon-0527,Main electrical distribution panel in basement has been producing visible arcing sparks.,Electrical,Critical,Electrical,Critical,approved,Existing Falcon Mail label retained.,Electrical Maintenance Services,,falcon:T_ELC_010,falcon:T_ELC_010,falcon_mail_v1,527,synthetic,Electrical,Critical,,,,validation
falcon-0528,An injured campus cat near the staff car park requires immediate veterinary care.,Other,Medium,Other,Medium,approved,Existing Falcon Mail label retained.,General Services / Helpdesk,,falcon:T_OTH_004,falcon:T_OTH_004,falcon_mail_v1,528,synthetic,Other,Medium,,,,train
falcon-0529,There is thick smoke coming from an electrical panel near Block A ground floor.,Safety,Critical,Safety,Critical,approved,Existing Falcon Mail label retained.,Campus Security & Safety Office,,falcon:T_SAF_001,falcon:T_SAF_001,falcon_mail_v1,529,synthetic,Safety,Critical,,,,train
falcon-0530,Outdoor lamppost base near library pathway has exposed energized wires.,Electrical,Critical,Electrical,Critical,approved,Existing Falcon Mail label retained.,Electrical Maintenance Services,,falcon:T_ELC_006,falcon:T_ELC_006,falcon_mail_v1,530,synthetic,Electrical,Critical,,,,train
falcon-0531,The Wi-Fi network keeps disconnecting every few minutes in Computer Lab 3 since yesterday morning.,IT,Medium,IT,Medium,approved,Existing Falcon Mail label retained.,IT Support & Services,,falcon:T_IT_001,falcon:T_IT_001,falcon_mail_v1,531,synthetic,IT,Medium,,,,test
falcon-0532,Emergency fire exit in lecture theater is chained shut while smoke alarm is blaring causing inconvenience to students and staff.,Safety,Critical,Safety,Critical,approved,Existing Falcon Mail label retained.,Campus Security & Safety Office,,falcon:T_EMG_016,falcon:T_EMG_016,falcon_mail_v1,532,synthetic,Safety,Critical,,,,train
falcon-0533,Floor tiles in the central corridor are cracked creating an uneven surface.,Maintenance,Medium,Maintenance,Medium,approved,Existing Falcon Mail label retained.,Facilities Management & Maintenance,,falcon:T_MNT_011,falcon:T_MNT_011,falcon_mail_v1,533,synthetic,Maintenance,Medium,,,,train
falcon-0534,Academic scholarship stipend disbursement check has not cleared into student bank account.,Administration,High,Administration,High,approved,Existing Falcon Mail label retained.,General Administration,,falcon:T_ADM_005,falcon:T_ADM_005,falcon_mail_v1,534,synthetic,Administration,High,,,,train
falcon-0535,Software license for MATLAB expired on all machines in Engineering Lab 2.,IT,Medium,IT,Medium,approved,Existing Falcon Mail label retained.,IT Support & Services,,falcon:T_IT_014,falcon:T_IT_014,falcon_mail_v1,535,synthetic,IT,Medium,,,,train
falcon-0536,Feedback regarding food options and dietary variety in campus food stalls.,Other,Low,Other,Low,approved,Existing Falcon Mail label retained.,General Services / Helpdesk,,falcon:T_OTH_020,falcon:T_OTH_020,falcon_mail_v1,536,synthetic,Other,Low,,,,validation
falcon-0537,Washroom supply pipe in Block A 2nd floor ruptured spraying pressurized water causing inconvenience to students and staff.,Plumbing,High,Plumbing,High,approved,Existing Falcon Mail label retained.,Plumbing Services,,falcon:T_PLM_002,falcon:T_PLM_002,falcon_mail_v1,537,synthetic,Plumbing,High,,,,train
falcon-0538,Outdoor landscape watering valve stuck wide open wasting water.,Plumbing,Medium,Plumbing,Medium,approved,Existing Falcon Mail label retained.,Plumbing Services,,falcon:T_PLM_014,falcon:T_PLM_014,falcon_mail_v1,538,synthetic,Plumbing,Medium,,,,train
falcon-0539,Janitorial equipment and dirty wash bucket left obstructing corridor doorway affecting people in the area.,Cleanliness,Low,Cleanliness,Low,approved,Existing Falcon Mail label retained.,Housekeeping & Janitorial Services,,falcon:T_CLN_015,falcon:T_CLN_015,falcon_mail_v1,539,synthetic,Cleanliness,Low,,,,train
falcon-0540,Door handle of the rest room on the 3rd floor came off completely.,Maintenance,Low,Maintenance,Low,approved,Existing Falcon Mail label retained.,Facilities Management & Maintenance,,falcon:T_MNT_015,falcon:T_MNT_015,falcon_mail_v1,540,synthetic,Maintenance,Low,,,,train
falcon-0541,Waste bins near Block A entrance are overflowing with rotting food scraps noticed by several students.,Cleanliness,Low,Cleanliness,Low,approved,Existing Falcon Mail label retained.,Housekeeping & Janitorial Services,,falcon:T_CLN_002,falcon:T_CLN_002,falcon_mail_v1,541,synthetic,Cleanliness,Low,,,,train
falcon-0542,Dining tables in cafeteria are coated with sticky spills and food residue observed during the morning class.,Cleanliness,Medium,Cleanliness,Medium,approved,Existing Falcon Mail label retained.,Housekeeping & Janitorial Services,,falcon:T_CLN_005,falcon:T_CLN_005,falcon_mail_v1,542,synthetic,Cleanliness,Medium,,,,train
falcon-0543,Shuttle bus driver was operating vehicle recklessly near the pedestrian crossing.,Transport,High,Transport,High,approved,Existing Falcon Mail label retained.,Transport & Parking Department,,falcon:T_TRN_002,falcon:T_TRN_002,falcon_mail_v1,543,synthetic,Transport,High,,,,test
falcon-0544,The printer in the student center ran out of toner and paper noticed by several students.,IT,Low,IT,Low,approved,Existing Falcon Mail label retained.,IT Support & Services,,falcon:T_IT_006,falcon:T_IT_006,falcon_mail_v1,544,synthetic,IT,Low,,,,train
falcon-0545,Outdoor basketball court floodlights fail to ignite after sunset.,Facilities,Low,Facilities,Low,approved,Existing Falcon Mail label retained.,Facilities & Infrastructure,,falcon:T_FAC_013,falcon:T_FAC_013,falcon_mail_v1,545,synthetic,Facilities,Low,,,,train
falcon-0546,Ceiling fan in Room 205 is wobbling dangerously and making grinding metallic sounds affecting people in the area.,Electrical,Medium,Electrical,Medium,approved,Existing Falcon Mail label retained.,Electrical Maintenance Services,,falcon:T_ELC_005,falcon:T_ELC_005,falcon_mail_v1,546,synthetic,Electrical,Medium,,,,train
falcon-0547,Accessible disabled parking spaces near reception have been routinely blocked by unauthorized cars.,Transport,Medium,Transport,Medium,approved,Existing Falcon Mail label retained.,Transport & Parking Department,,falcon:T_TRN_015,falcon:T_TRN_015,falcon_mail_v1,547,synthetic,Transport,Medium,,,,validation
falcon-0548,Faculty feedback evaluation form link is throwing a session timeout error.,Academic,Medium,Academic,Medium,approved,Existing Falcon Mail label retained.,Academic Affairs & Registrar,,falcon:T_ACD_008,falcon:T_ACD_008,falcon_mail_v1,548,synthetic,Academic,Medium,,,,test
falcon-0549,Industrial ammonia refrigeration leak in campus food cold-storage warehouse.,Safety,Critical,Safety,Critical,approved,Existing Falcon Mail label retained.,Campus Security & Safety Office,,falcon:T_EMG_033,falcon:T_EMG_033,falcon_mail_v1,549,synthetic,Safety,Critical,,,,validation
falcon-0550,Found unclaimed dark winter jacket draped over seat 14 in Auditorium A.,Other,Low,Other,Low,approved,Existing Falcon Mail label retained.,General Services / Helpdesk,,falcon:T_OTH_008,falcon:T_OTH_008,falcon_mail_v1,550,synthetic,Other,Low,,,,train
falcon-0551,Rooftop water storage tank structural cradle failed threatening roof collapse over lecture hall which is affecting normal activities.,Facilities,Critical,Facilities,Critical,approved,Existing Falcon Mail label retained.,Facilities & Infrastructure,,falcon:T_EMG_028,falcon:T_EMG_028,falcon_mail_v1,551,synthetic,Facilities,Critical,,,,train
falcon-0552,Drone flown unauthorized over student dormitory recreational area.,Other,Medium,Other,Medium,approved,Existing Falcon Mail label retained.,General Services / Helpdesk,,falcon:T_OTH_018,falcon:T_OTH_018,falcon_mail_v1,552,synthetic,Other,Medium,,,,train
falcon-0553,Air conditioning inside university commuter bus 5 is defective.,Transport,Low,Transport,Low,approved,Existing Falcon Mail label retained.,Transport & Parking Department,,falcon:T_TRN_003,falcon:T_TRN_003,falcon_mail_v1,553,synthetic,Transport,Low,,,,train
falcon-0554,Noise levels from adjacent corridor disrupt study in the quiet library zone.,Academic,Low,Academic,Low,approved,Existing Falcon Mail label retained.,Academic Affairs & Registrar,,falcon:T_ACD_018,falcon:T_ACD_018,falcon_mail_v1,554,synthetic,Academic,Low,,,,train
falcon-0555,Lost silver laptop charger left behind in Lecture Hall 3 after the 2 PM session causing inconvenience to students and staff.,Other,Low,Other,Low,approved,Existing Falcon Mail label retained.,General Services / Helpdesk,,falcon:T_OTH_003,falcon:T_OTH_003,falcon_mail_v1,555,synthetic,Other,Low,,,,validation
falcon-0556,Active fire and dense smoke spreading in the organic chemistry fume hood.,Safety,Critical,Safety,Critical,approved,Existing Falcon Mail label retained.,Campus Security & Safety Office,,falcon:T_EMG_001,falcon:T_EMG_001,falcon_mail_v1,556,synthetic,Safety,Critical,,,,train
falcon-0557,Window pane in Block C second floor corridor has been cracked and loose.,Maintenance,Medium,Maintenance,Medium,approved,Existing Falcon Mail label retained.,Facilities Management & Maintenance,,falcon:T_MNT_002,falcon:T_MNT_002,falcon_mail_v1,557,synthetic,Maintenance,Medium,,,,train
falcon-0558,Lost silver laptop charger left behind in Lecture Hall 3 after the 2 PM session.,Other,Low,Other,Low,approved,Existing Falcon Mail label retained.,General Services / Helpdesk,,falcon:T_OTH_003,falcon:T_OTH_003,falcon_mail_v1,558,synthetic,Other,Low,,,,validation
falcon-0559,Campus bicycle sharing station near the library has zero functional bicycles this has been ongoing since last week.,Transport,Low,Transport,Low,approved,Existing Falcon Mail label retained.,Transport & Parking Department,,falcon:T_TRN_006,falcon:T_TRN_006,falcon_mail_v1,559,synthetic,Transport,Low,,,,train
falcon-0560,Microphone sound system in Auditorium B is corrupted with heavy static noise since yesterday morning.,IT,Low,IT,Low,approved,Existing Falcon Mail label retained.,IT Support & Services,,falcon:T_IT_009,falcon:T_IT_009,falcon_mail_v1,560,synthetic,IT,Low,,,,validation
falcon-0561,Microwave oven in the cafeteria dining area is sparking inside observed during the morning class.,Facilities,High,Facilities,High,approved,Existing Falcon Mail label retained.,Facilities & Infrastructure,,falcon:T_FAC_012,falcon:T_FAC_012,falcon_mail_v1,561,synthetic,Facilities,High,,,,train
falcon-0562,Sink tap in faculty kitchenette is dripping constantly and won't turn off.,Plumbing,Low,Plumbing,Low,approved,Existing Falcon Mail label retained.,Plumbing Services,,falcon:T_PLM_016,falcon:T_PLM_016,falcon_mail_v1,562,synthetic,Plumbing,Low,,,,train
falcon-0563,Official grade transcript generated on portal contains incorrect marks for Semester 3.,Academic,High,Academic,High,approved,Existing Falcon Mail label retained.,Academic Affairs & Registrar,,falcon:T_ACD_005,falcon:T_ACD_005,falcon_mail_v1,563,synthetic,Academic,High,,,,train
falcon-0564,Shuttle bus headlamp has been dead on the driver side during night service.,Transport,High,Transport,High,approved,Existing Falcon Mail label retained.,Transport & Parking Department,,falcon:T_TRN_016,falcon:T_TRN_016,falcon_mail_v1,564,synthetic,Transport,High,,,,train
falcon-0565,Spelling error in student name printed on degree certificate verification draft.,Academic,High,Academic,High,approved,Existing Falcon Mail label retained.,Academic Affairs & Registrar,,falcon:T_ACD_019,falcon:T_ACD_019,falcon_mail_v1,565,synthetic,Academic,High,,,,validation
falcon-0566,Main circuit breaker tripped in Physics Lab 2 shutting off delicate lab sensors causing inconvenience to students and staff.,Electrical,Medium,Electrical,Medium,approved,Existing Falcon Mail label retained.,Electrical Maintenance Services,,falcon:T_ELC_004,falcon:T_ELC_004,falcon_mail_v1,566,synthetic,Electrical,Medium,,,,train
falcon-0567,Auditorium stage lighting panel emitting burnt plastic smell during rehearsal observed during the morning class.,Electrical,High,Electrical,High,approved,Existing Falcon Mail label retained.,Electrical Maintenance Services,,falcon:T_ELC_016,falcon:T_ELC_016,falcon_mail_v1,567,synthetic,Electrical,High,,,,train
falcon-0568,Lost scientific calculator left on desk 12 in the engineering design room several people have pointed this out.,Other,Low,Other,Low,approved,Existing Falcon Mail label retained.,General Services / Helpdesk,,falcon:T_OTH_011,falcon:T_OTH_011,falcon_mail_v1,568,synthetic,Other,Low,,,,train
falcon-0569,Heavy dust and cobwebs hanging from the ceiling corners in Room 204 since yesterday morning.,Cleanliness,Low,Cleanliness,Low,approved,Existing Falcon Mail label retained.,Housekeeping & Janitorial Services,,falcon:T_CLN_004,falcon:T_CLN_004,falcon_mail_v1,569,synthetic,Cleanliness,Low,,,,test
falcon-0570,Campus swimming pool water is murky green and smells heavily foul since yesterday morning.,Facilities,High,Facilities,High,approved,Existing Falcon Mail label retained.,Facilities & Infrastructure,,falcon:T_FAC_010,falcon:T_FAC_010,falcon_mail_v1,570,synthetic,Facilities,High,,,,train
falcon-0571,CCTV security camera covering the female dormitory entrance is damaged.,Safety,High,Safety,High,approved,Existing Falcon Mail label retained.,Campus Security & Safety Office,,falcon:T_SAF_012,falcon:T_SAF_012,falcon_mail_v1,571,synthetic,Safety,High,,,,train
falcon-0572,Roof shingles near the auditorium terrace are loose after strong winds this has been ongoing since last week.,Maintenance,Medium,Maintenance,Medium,approved,Existing Falcon Mail label retained.,Facilities Management & Maintenance,,falcon:T_MNT_018,falcon:T_MNT_018,falcon_mail_v1,572,synthetic,Maintenance,Medium,,,,validation
falcon-0573,Hand wash liquid soap dispensers in central restrooms are all empty for the past two days.,Cleanliness,Medium,Cleanliness,Medium,approved,Existing Falcon Mail label retained.,Housekeeping & Janitorial Services,,falcon:T_CLN_018,falcon:T_CLN_018,falcon_mail_v1,573,synthetic,Cleanliness,Medium,,,,train
falcon-0574,Automatic sliding glass door at the main entrance has been stuck half-open.,Maintenance,Medium,Maintenance,Medium,approved,Existing Falcon Mail label retained.,Facilities Management & Maintenance,,falcon:T_MNT_013,falcon:T_MNT_013,falcon_mail_v1,574,synthetic,Maintenance,Medium,,,,train
falcon-0575,Overhead water storage tank on Block C roof has been overflowing down the exterior wall.,Plumbing,Medium,Plumbing,Medium,approved,Existing Falcon Mail label retained.,Plumbing Services,,falcon:T_PLM_015,falcon:T_PLM_015,falcon_mail_v1,575,synthetic,Plumbing,Medium,,,,train
falcon-0576,Central heating in dormitory blocks during cold weather is non-functional.,Facilities,High,Facilities,High,approved,Existing Falcon Mail label retained.,Facilities & Infrastructure,,falcon:T_FAC_019,falcon:T_FAC_019,falcon_mail_v1,576,synthetic,Facilities,High,,,,train
falcon-0577,Hostel accommodation allocation list contains duplicated room numbers.,Administration,Medium,Administration,Medium,approved,Existing Falcon Mail label retained.,General Administration,,falcon:T_ADM_009,falcon:T_ADM_009,falcon_mail_v1,577,synthetic,Administration,Medium,,,,test
falcon-0578,Drinking water cooler pipe leaking puddle onto wooden library floor.,Plumbing,Medium,Plumbing,Medium,approved,Existing Falcon Mail label retained.,Plumbing Services,,falcon:T_PLM_019,falcon:T_PLM_019,falcon_mail_v1,578,synthetic,Plumbing,Medium,,,,validation
falcon-0579,Unattended suspicious package left abandoned near the main entrance lobby since yesterday morning.,Safety,Critical,Safety,Critical,approved,Existing Falcon Mail label retained.,Campus Security & Safety Office,,falcon:T_SAF_007,falcon:T_SAF_007,falcon_mail_v1,579,synthetic,Safety,Critical,,,,train
falcon-0580,Microphone sound system in Auditorium B is corrupted with heavy static noise.,IT,Low,IT,Low,approved,Existing Falcon Mail label retained.,IT Support & Services,,falcon:T_IT_009,falcon:T_IT_009,falcon_mail_v1,580,synthetic,IT,Low,,,,validation
falcon-0581,Staircase handrail near Block B emergency exit is loose and unstable observed during the morning class.,Maintenance,Medium,Maintenance,Medium,approved,Existing Falcon Mail label retained.,Facilities Management & Maintenance,,falcon:T_MNT_007,falcon:T_MNT_007,falcon_mail_v1,581,synthetic,Maintenance,Medium,,,,train
falcon-0582,There is thick smoke coming from an electrical panel near Block A ground floor reported earlier today.,Safety,Critical,Safety,Critical,approved,Existing Falcon Mail label retained.,Campus Security & Safety Office,,falcon:T_SAF_001,falcon:T_SAF_001,falcon_mail_v1,582,synthetic,Safety,Critical,,,,train
falcon-0583,Shuttle driver was texting on phone while operating loaded bus on campus road since yesterday morning.,Transport,High,Transport,High,approved,Existing Falcon Mail label retained.,Transport & Parking Department,,falcon:T_TRN_014,falcon:T_TRN_014,falcon_mail_v1,583,synthetic,Transport,High,,,,train
falcon-0584,Waste drainage pipe under library washbasin has been uncoupled and leaking.,Plumbing,Medium,Plumbing,Medium,approved,Existing Falcon Mail label retained.,Plumbing Services,,falcon:T_PLM_005,falcon:T_PLM_005,falcon_mail_v1,584,synthetic,Plumbing,Medium,,,,train
falcon-0585,Partition divider in Seminar Hall 1 has been unsteady and rattling.,Maintenance,Low,Maintenance,Low,approved,Existing Falcon Mail label retained.,Facilities Management & Maintenance,,falcon:T_MNT_019,falcon:T_MNT_019,falcon_mail_v1,585,synthetic,Maintenance,Low,,,,test
external-1,"On most parts of the 8th/9th floor, WiFi is not available at all.",IT,High,IT,High,approved,Technical issue mapped to IT. Publisher Urgent normalized to High; Critical is reserved for safety emergencies.,IT Support & Services,,external:0,external:0,university_students_complaints,1,external,Technical,Urgent,IT,WiFi | Lab Equipment,train,train
external-4,need a seperate female prayer room which is not just a sub portion of female common room,Facilities,Medium,Facilities,Medium,approved,Capacity or availability request mapped to Facilities. Publisher severity retained.,Facilities & Infrastructure,,external:3,external:3,university_students_complaints,4,external,Infrastructure,Medium,Student Welfare,Classroom | Prayer Room,train,train
external-5,drinking water system on the 6th floor(CSE dpt) is no longer working.,Plumbing,High,Plumbing,High,approved,Water or plumbing evidence mapped to Plumbing. Publisher Urgent normalized to High; Critical is reserved for safety emergencies.,Plumbing Services,,external:4,external:4,university_students_complaints,5,external,Infrastructure,Urgent,Maintenance,Water Supply,train,validation
external-6,Some projectors are not clear,IT,High,IT,High,approved,Infrastructure record has IT as its primary department. Publisher severity retained.,IT Support & Services,,external:5,external:5,university_students_complaints,6,external,Infrastructure,High,IT,Projector,train,validation
external-8,Campus WiFi does not work in all areas and is also very slow.,IT,High,IT,High,approved,Technical issue mapped to IT. Publisher Urgent normalized to High; Critical is reserved for safety emergencies.,IT Support & Services,,external:7,external:7,university_students_complaints,8,external,Technical,Urgent,IT,WiFi,train,train
external-9,"Due to continuous loud talking by some students in the library, it has become very difficult to study and maintain concentration",Administration,Medium,Administration,Medium,approved,Publisher Administrative label consolidated into Administration. Publisher severity retained.,General Administration,,external:8,external:8,university_students_complaints,9,external,Administrative,Medium,Library,Library | Safety/Discipline,train,train
external-10,We can never find our adviser,Academic,High,Academic,High,approved,Publisher Academic label retained. Publisher severity retained.,Academic Affairs & Registrar,,external:9,external:9,university_students_complaints,10,external,Academic,High,Department Head,Faculty,train,test
external-11,No hand wash in most of the washrooms,Plumbing,High,Plumbing,High,approved,Water or plumbing evidence mapped to Plumbing. Publisher Urgent normalized to High; Critical is reserved for safety emergencies.,Plumbing Services,,external:10,external:10,university_students_complaints,11,external,Infrastructure,Urgent,Maintenance,Washroom | Classroom,train,train
external-12,"Because of the long line for the lift, it becomes difficult to attend classes on time",Facilities,Medium,Facilities,Medium,approved,Capacity or availability request mapped to Facilities. Publisher severity retained.,Facilities & Infrastructure,,external:11,external:11,university_students_complaints,12,external,Infrastructure,Medium,Maintenance,Elevator,train,train
external-13,I have complain regarding the routing system of the bus.... Students go through a lot of problems to track location of the bus during arrival and departure . We know we have a msngr group where sometimes update is given but sometimes there is no update so it's a hassle... I would be better if and app system is give to know about the location of the bus upon arrival and departure. As during departure the bus doesn't always remain in same place as a result students get confused,Transport,Medium,Transport,Medium,approved,Technical transport issue routed to Transport. Publisher severity retained.,Transport & Parking Department,,external:12,external:12,university_students_complaints,13,external,Technical,Medium,Transport & Parking,Electrical/AC | Examination | Transport,train,train
external-15,zero Wifi facilities in peak hour,IT,High,IT,High,approved,Technical issue mapped to IT. Publisher Urgent normalized to High; Critical is reserved for safety emergencies.,IT Support & Services,,external:14,external:14,university_students_complaints,15,external,Technical,Urgent,IT,WiFi | Electrical/AC | Research,train,train
external-16,Inadequate Charging ports in library /reading room,Electrical,Medium,Electrical,Medium,approved,Electrical/AC evidence mapped to Electrical. Publisher severity retained.,Electrical Maintenance Services,,external:15,external:15,university_students_complaints,16,external,Infrastructure,Medium,Library,Classroom | Library,train,train
external-19,The classroom projectors doesnt work well,IT,High,IT,High,approved,Technical issue mapped to IT. Publisher Urgent normalized to High; Critical is reserved for safety emergencies.,IT Support & Services,,external:18,external:18,university_students_complaints,19,external,Technical,Urgent,IT,Projector | Classroom,train,train
external-20,CSE Dept doesnt have qualified teachers,Academic,High,Academic,High,approved,Publisher Academic label retained. Publisher severity retained.,Academic Affairs & Registrar,,external:19,external:19,university_students_complaints,20,external,Academic,High,Department Head,Electrical/AC | Faculty,train,train
external-21,We need more research facilities in our university and also we need more experienced professors,Academic,High,Academic,High,approved,Publisher Academic label retained. Publisher severity retained.,Academic Affairs & Registrar,,external:20,external:20,university_students_complaints,21,external,Academic,High,Department Head,Electrical/AC | Faculty | Research,train,train
external-23,CSE Dept doesnt have qualified teachers,Academic,High,Academic,High,approved,Publisher Academic label retained. Publisher severity retained.,Academic Affairs & Registrar,,external:19,external:19,university_students_complaints,23,external,Academic,High,Department Head,Electrical/AC | Faculty,train,train
external-24,We need more research facilities in our university and also we need more experienced professors,Academic,High,Academic,High,approved,Publisher Academic label retained. Publisher severity retained.,Academic Affairs & Registrar,,external:20,external:20,university_students_complaints,24,external,Academic,High,Department Head,Electrical/AC | Faculty | Research,train,train
external-25,Campus Wi-Fi speed and coverage are insufficient; the signal does not reach inside classrooms.,IT,High,IT,High,approved,Technical issue mapped to IT. Publisher Urgent normalized to High; Critical is reserved for safety emergencies.,IT Support & Services,,external:21,external:21,university_students_complaints,25,external,Technical,Urgent,IT,WiFi | Electrical/AC | Classroom,train,train
external-27,"Projectors have poor resolution and do not display colors properly, which causes issues in several lectures.",IT,High,IT,High,approved,Technical issue mapped to IT. Publisher severity retained.,IT Support & Services,,external:23,external:23,university_students_complaints,27,external,Technical,High,IT,Projector,train,train
external-28,"Classroom lights and ACs are not properly maintained; some are faulty, and there appears to be little concern regarding timely repairs.",Electrical,High,Electrical,High,approved,Electrical/AC evidence mapped to Electrical. Publisher Urgent normalized to High; Critical is reserved for safety emergencies.,Electrical Maintenance Services,,external:24,external:24,university_students_complaints,28,external,Infrastructure,Urgent,Maintenance,Electrical/AC | Classroom,train,test
external-29,"HDMI cables in theory classrooms are mostly faulty, causing inconvenience for faculty members and resulting in loss of lecture time.",IT,High,IT,High,approved,Technical issue mapped to IT. Publisher severity retained.,IT Support & Services,,external:25,external:25,university_students_complaints,29,external,Technical,High,IT,Electrical/AC | Classroom | Examination | Faculty,train,train
external-30,Library and study room spaces are insufficient and remain overcrowded during peak hours.,Administration,Medium,Administration,Medium,approved,Publisher Administrative label consolidated into Administration. Publisher severity retained.,General Administration,,external:26,external:26,university_students_complaints,30,external,Administrative,Medium,Library,Electrical/AC | Classroom | Library,train,validation
external-36,"When student occupancy in the library increases, the Wi-Fi connection becomes very slow and frequently disconnects. This severely disrupts academic activities, research work,and online learning, making the library ineffective as a study environment during peak hours.",IT,High,IT,High,approved,Infrastructure record has IT as its primary department. Publisher Urgent normalized to High; Critical is reserved for safety emergencies.,IT Support & Services,,external:32,external:32,university_students_complaints,36,external,Infrastructure,Urgent,IT,WiFi | Electrical/AC | Library | Research,train,test
external-37,A studentship certificate costs a student 500taka which should be of free from the versity as a current student of the institute.,Administration,Medium,Administration,Medium,approved,Publisher Finance label consolidated into Administration. Publisher severity retained.,General Administration,,external:33,external:33,university_students_complaints,37,external,Finance,Medium,Registrar,General,train,train
external-38,Every floor should have separate male and female washrooms.,Facilities,High,Facilities,High,approved,Capacity or availability request mapped to Facilities. Publisher severity retained.,Facilities & Infrastructure,,external:34,external:34,university_students_complaints,38,external,Infrastructure,High,Maintenance,Washroom | Classroom,train,train
external-40,"Just like there is a space for prayer in front of the Mechanical Department, a similar space should be provided in front of almost every department for prayers.",Administration,Medium,Administration,Medium,approved,Publisher Administrative label consolidated into Administration. Publisher severity retained.,General Administration,,external:36,external:36,university_students_complaints,40,external,Administrative,Medium,Student Welfare,Electrical/AC | Prayer Room,train,train
external-41,It would be good if there is a bKash or Nagad merchant available inside the university.,Administration,Low,Administration,Low,approved,Publisher Finance label consolidated into Administration. Publisher severity retained.,General Administration,,external:37,external:37,university_students_complaints,41,external,Finance,Low,Finance,Lab Equipment | Fee/Payment,train,train
external-43,"Pressure is applied to participate in co-curricular activities by seniors, even if students are unwilling or facing problems.",Administration,High,Administration,High,approved,Publisher Administrative label consolidated into Administration. Publisher severity retained.,General Administration,,external:39,external:39,university_students_complaints,43,external,Administrative,High,Proctorial,Electrical/AC,train,test
external-44,The 7th floor (6 of lift) does not have Wi-Fi routers. Thus the Wi-Fi connection disappears when a student enters a classroom in the 7th floor. This is extremely inconvenient as it can cause a student to miss their attendance in their class for the lack of internet connectivity despite being present in the class.,Transport,High,Transport,High,approved,Technical transport issue routed to Transport. Publisher Urgent normalized to High; Critical is reserved for safety emergencies.,Transport & Parking Department,,external:40,external:40,university_students_complaints,44,external,Technical,Urgent,IT,WiFi | Elevator | Electrical/AC | Classroom | Transport,train,train
external-46,There is no proper wifi in campus. We should be provided with a working campus wifi,IT,High,IT,High,approved,Technical issue mapped to IT. Publisher Urgent normalized to High; Critical is reserved for safety emergencies.,IT Support & Services,,external:42,external:42,university_students_complaints,46,external,Technical,Urgent,IT,WiFi,train,train
external-47,The routine does not allocate time for prayers and lunch.,Academic,Medium,Academic,Medium,approved,Publisher Academic label retained. Publisher severity retained.,Academic Affairs & Registrar,,external:43,external:43,university_students_complaints,47,external,Academic,Medium,Department Head,Prayer Room | Scheduling,train,train
external-51,Plaster dust is falling from the classroom wall.,Cleanliness,High,Cleanliness,High,approved,Cleanliness language takes precedence within Infrastructure. Publisher Urgent normalized to High; Critical is reserved for safety emergencies.,Housekeeping & Janitorial Services,,external:47,external:47,university_students_complaints,51,external,Infrastructure,Urgent,Maintenance,Classroom,train,train
external-52,"Some labs do not have sufficient equipment, and in many cases, the equipment does not work properly.",IT,High,IT,High,approved,Technical issue mapped to IT. Publisher Urgent normalized to High; Critical is reserved for safety emergencies.,IT Support & Services,,external:48,external:48,university_students_complaints,52,external,Technical,Urgent,Department Head,Lab Equipment,train,validation
external-53,"Besides, the Wi-Fi does not function well across the entire campus.",IT,High,IT,High,approved,Technical issue mapped to IT. Publisher Urgent normalized to High; Critical is reserved for safety emergencies.,IT Support & Services,,external:49,external:49,university_students_complaints,53,external,Technical,Urgent,IT,WiFi | Electrical/AC,train,test
external-54,Faculties whose voices cannot be heard loudly or find it difficult to speak loudly in large classrooms should use personal headset microphones for their ease as well as ours.,IT,Medium,IT,Medium,approved,Technical issue mapped to IT. Publisher severity retained.,IT Support & Services,,external:50,external:50,university_students_complaints,54,external,Technical,Medium,Department Head,Electrical/AC | Classroom,train,validation
external-57,"The transparent glass of washroom windows should be replaced with non-transparent glass, especially in lower floors, as it is a matter of privacy.",Maintenance,High,Maintenance,High,approved,Remaining physical infrastructure mapped to Maintenance. Publisher Urgent normalized to High; Critical is reserved for safety emergencies.,Facilities Management & Maintenance,,external:53,external:53,university_students_complaints,57,external,Infrastructure,Urgent,Maintenance,Washroom | Electrical/AC | Classroom,train,train
external-60,The size for the teacup in the cafeteria should be larger.,Administration,Low,Administration,Low,approved,Publisher Administrative label consolidated into Administration. Publisher severity retained.,General Administration,,external:56,external:56,university_students_complaints,60,external,Administrative,Low,Canteen,Electrical/AC | Canteen,train,test
external-62,"The ShaPa day should be organized every semester within 2-3 weeks after midterm exams. ShaPa being in the last week of the semester amidst lab finals and quizzes is not student friendly. Furthermore, if ShaPa is organized within 8th-10th week this semester, then it can be during the spring season i.e. before the unpredictable heat and rain of the summer season starts. The date of the day should also be fixed right after midterm exams so that students can organize their quizzes around that date.",Academic,Medium,Academic,Medium,approved,Publisher Academic label retained. Publisher severity retained.,Academic Affairs & Registrar,,external:58,external:58,university_students_complaints,62,external,Academic,Medium,Student Welfare,Lab Equipment | Examination,train,test
external-63,"In the CSE 1206 course, classes are frequently ended significantly earlier than the allocated time.",Academic,High,Academic,High,approved,Publisher Academic label retained. Publisher severity retained.,Academic Affairs & Registrar,,external:59,external:59,university_students_complaints,63,external,Academic,High,Department Head,General,train,train
external-64,"The round tube lights in the university, especially those in the washrooms and on the Architecture stairs, should be repaired or replaced with new ones.",Electrical,High,Electrical,High,approved,Electrical/AC evidence mapped to Electrical. Publisher Urgent normalized to High; Critical is reserved for safety emergencies.,Electrical Maintenance Services,,external:60,external:60,university_students_complaints,64,external,Infrastructure,Urgent,Maintenance,Washroom | Electrical/AC | Classroom,train,train
external-65,The exhaust fans in the washrooms and other areas should be repaired or replaced with new ones.,Electrical,High,Electrical,High,approved,Electrical/AC evidence mapped to Electrical. Publisher Urgent normalized to High; Critical is reserved for safety emergencies.,Electrical Maintenance Services,,external:61,external:61,university_students_complaints,65,external,Infrastructure,Urgent,Maintenance,Washroom | Electrical/AC | Classroom,train,train
external-66,"Due to server problems in the IUMS system, I was unable to check my result on the publication day and had to wait until the next day",IT,High,IT,High,approved,Technical issue mapped to IT. Publisher Urgent normalized to High; Critical is reserved for safety emergencies.,IT Support & Services,,external:62,external:62,university_students_complaints,66,external,Technical,Urgent,IT,Examination,train,train
external-67,The group members for group projects should be selected by the teachers. The students with no groups have to suffer,Academic,Medium,Academic,Medium,approved,Publisher Academic label retained. Publisher severity retained.,Academic Affairs & Registrar,,external:63,external:63,university_students_complaints,67,external,Academic,Medium,Department Head,Electrical/AC | Faculty,train,validation
external-68,Some boys think they can talk in whatever way they want with the girls .,Administration,High,Administration,High,approved,Publisher Administrative label consolidated into Administration. Publisher Urgent normalized to High; Critical is reserved for safety emergencies.,General Administration,,external:64,external:64,university_students_complaints,68,external,Administrative,Urgent,Proctorial,General,train,train
external-70,"I am dissatisfied because students are required to pay substantial fees by the organizer, even if they do not take part in the event.",Administration,High,Administration,High,approved,Publisher Finance label consolidated into Administration. Publisher severity retained.,General Administration,,external:66,external:66,university_students_complaints,70,external,Finance,High,Student Welfare,Fee/Payment,train,test
external-71,Forming groups ourselves often leads to conflicts. It would be better if the teacher assigned the groups first to avoid any problems.,Academic,Medium,Academic,Medium,approved,Publisher Academic label retained. Publisher severity retained.,Academic Affairs & Registrar,,external:67,external:67,university_students_complaints,71,external,Academic,Medium,Department Head,Electrical/AC | Faculty,train,train
external-72,"It is difficult to evaluate students fairly when quizzes have uneven difficulty levels, with some sets being hard and others easy.",Academic,High,Academic,High,approved,Publisher Academic label retained. Publisher severity retained.,Academic Affairs & Registrar,,external:68,external:68,university_students_complaints,72,external,Academic,High,Department Head,Examination,train,train
external-73,"It feels unfair that students with access to alternative sections or materials can perform better in quizzes, while others without these resources struggle.",Academic,High,Academic,High,approved,Publisher Academic label retained. Publisher severity retained.,Academic Affairs & Registrar,,external:69,external:69,university_students_complaints,73,external,Academic,High,Department Head,Electrical/AC | Fee/Payment | Examination,train,train
external-75,"On most parts of the 8th/9th floor, WiFi is missing at all.",IT,High,IT,High,approved,Technical issue mapped to IT. Publisher Urgent normalized to High; Critical is reserved for safety emergencies.,IT Support & Services,,external:0,external:0,university_students_complaints,75,external,Technical,Urgent,IT,WiFi,train,train
external-76,out of focus Projectors.,IT,High,IT,High,approved,Infrastructure record has IT as its primary department. Publisher severity retained.,IT Support & Services,,external:71,external:71,university_students_complaints,76,external,Infrastructure,High,IT,Projector,train,train
external-77,are in need of bookshelf in female prayer room. This is affecting regular activities.,Facilities,Low,Facilities,Low,approved,Capacity or availability request mapped to Facilities. Publisher severity retained.,Facilities & Infrastructure,,external:72,external:72,university_students_complaints,77,external,Infrastructure,Low,Maintenance,Electrical/AC | Classroom | Library | Prayer Room,train,train
external-78,are in need of a seperate female prayer room which is not just a sub portion of female common room. Please look into it.,Facilities,Medium,Facilities,Medium,approved,Capacity or availability request mapped to Facilities. Publisher severity retained.,Facilities & Infrastructure,,external:3,external:3,university_students_complaints,78,external,Infrastructure,Medium,Student Welfare,Classroom | Prayer Room,train,train
external-79,drinking water system on the 6th floor(CSE dpt) is no longer working. Kindly verify and take action.,Plumbing,High,Plumbing,High,approved,Water or plumbing evidence mapped to Plumbing. Publisher Urgent normalized to High; Critical is reserved for safety emergencies.,Plumbing Services,,external:4,external:4,university_students_complaints,79,external,Infrastructure,Urgent,Maintenance,Water Supply | Electrical/AC,train,validation
external-80,Some projectors are not clear. Would appreciate a resolution soon.,IT,High,IT,High,approved,Infrastructure record has IT as its primary department. Publisher severity retained.,IT Support & Services,,external:73,external:73,university_students_complaints,80,external,Infrastructure,High,IT,Projector,train,train
external-82,Campus WiFi does not work in all areas and is also very slow. Please look into it.,IT,High,IT,High,approved,Technical issue mapped to IT. Publisher Urgent normalized to High; Critical is reserved for safety emergencies.,IT Support & Services,,external:7,external:7,university_students_complaints,82,external,Technical,Urgent,IT,WiFi,train,train
external-83,"Due to continuous loud talking by some students at the library, it has become very difficult to study and maintain concentration. Please look into it.",Administration,Medium,Administration,Medium,approved,Publisher Administrative label consolidated into Administration. Publisher severity retained.,General Administration,,external:8,external:8,university_students_complaints,83,external,Administrative,Medium,Library,Library | Safety/Discipline,train,train
external-84,We can never find our adviser.,Academic,High,Academic,High,approved,Publisher Academic label retained. Publisher severity retained.,Academic Affairs & Registrar,,external:9,external:9,university_students_complaints,84,external,Academic,High,Department Head,Faculty,train,test
external-85,No hand wash in most of the washrooms. This is affecting regular activities.,Plumbing,High,Plumbing,High,approved,Water or plumbing evidence mapped to Plumbing. Publisher Urgent normalized to High; Critical is reserved for safety emergencies.,Plumbing Services,,external:74,external:74,university_students_complaints,85,external,Infrastructure,Urgent,Maintenance,Washroom | Electrical/AC | Classroom,train,train
external-86,"Because of the long line for the lift, it becomes difficult to attend classes on time. Please look into it.",Facilities,Medium,Facilities,Medium,approved,Capacity or availability request mapped to Facilities. Publisher severity retained.,Facilities & Infrastructure,,external:11,external:11,university_students_complaints,86,external,Infrastructure,Medium,Maintenance,Elevator,train,train
external-87,I have complain regarding the routing system of the bus.... Students go through a lot of problems to track location of the bus during arrival and departure . We know we have a msngr group where sometimes update is given but sometimes there is no update so it's a hassle... I would be better if and app system is give to know about the location of the bus upon arrival and departure. As during departure the bus doesn't always remain in same place as a result students get confused.,Transport,Medium,Transport,Medium,approved,Technical transport issue routed to Transport. Publisher severity retained.,Transport & Parking Department,,external:12,external:12,university_students_complaints,87,external,Technical,Medium,Transport & Parking,Electrical/AC | Examination | Transport,train,train
external-89,zero Wifi facilities in peak hour. This is affecting regular activities.,IT,High,IT,High,approved,Technical issue mapped to IT. Publisher Urgent normalized to High; Critical is reserved for safety emergencies.,IT Support & Services,,external:75,external:75,university_students_complaints,89,external,Technical,Urgent,IT,WiFi | Electrical/AC | Research,train,train
external-90,Inadequate Charging ports in library /reading room. Kindly verify and take action.,Electrical,Medium,Electrical,Medium,approved,Electrical/AC evidence mapped to Electrical. Publisher severity retained.,Electrical Maintenance Services,,external:76,external:76,university_students_complaints,90,external,Infrastructure,Medium,Library,Electrical/AC | Classroom | Library,train,validation
external-93,The classroom projectors doesnt work well. Needs attention.,IT,High,IT,High,approved,Technical issue mapped to IT. Publisher Urgent normalized to High; Critical is reserved for safety emergencies.,IT Support & Services,,external:18,external:18,university_students_complaints,93,external,Technical,Urgent,IT,Projector | Classroom,train,train
external-94,CSE Dept doesnt have qualified teachers. Please look into it.,Academic,High,Academic,High,approved,Publisher Academic label retained. Publisher severity retained.,Academic Affairs & Registrar,,external:77,external:77,university_students_complaints,94,external,Academic,High,Department Head,Electrical/AC | Faculty,train,train
external-95,We would benefit from more research facilities in our university and also we would benefit from more experienced professors.,Academic,High,Academic,High,approved,Publisher Academic label retained. Publisher severity retained.,Academic Affairs & Registrar,,external:20,external:20,university_students_complaints,95,external,Academic,High,Department Head,Electrical/AC | Faculty | Research,train,train
external-96,The campus wifi disconnects repeatedly and doesnt have enough speed while doing any important work.. Requesting a quick check.,IT,High,IT,High,approved,Technical issue mapped to IT. Publisher Urgent normalized to High; Critical is reserved for safety emergencies.,IT Support & Services,,external:78,external:78,university_students_complaints,96,external,Technical,Urgent,IT,WiFi,train,train
external-97,CSE Dept doesnt have qualified teachers.,Academic,High,Academic,High,approved,Publisher Academic label retained. Publisher severity retained.,Academic Affairs & Registrar,,external:19,external:19,university_students_complaints,97,external,Academic,High,Department Head,Electrical/AC | Faculty,train,train
external-98,We require more research facilities in our university and also we require more experienced professors.,Academic,High,Academic,High,approved,Publisher Academic label retained. Publisher severity retained.,Academic Affairs & Registrar,,external:20,external:20,university_students_complaints,98,external,Academic,High,Department Head,Electrical/AC | Faculty | Research,train,train
external-99,Campus Wi-Fi speed and coverage are insufficient; the signal does not reach inside classrooms. Needs attention.,IT,High,IT,High,approved,Technical issue mapped to IT. Publisher Urgent normalized to High; Critical is reserved for safety emergencies.,IT Support & Services,,external:21,external:21,university_students_complaints,99,external,Technical,Urgent,IT,WiFi | Electrical/AC | Classroom,train,train
external-101,"Projectors have subpar resolution and do not display colors properly, which causes issues in several lectures.",IT,High,IT,High,approved,Technical issue mapped to IT. Publisher severity retained.,IT Support & Services,,external:23,external:23,university_students_complaints,101,external,Technical,High,IT,Projector,train,train
external-102,"Classroom lights and ACs are not properly maintained; some are faulty, and there appears to be little concern regarding timely repairs. Please look into it.",Electrical,High,Electrical,High,approved,Electrical/AC evidence mapped to Electrical. Publisher Urgent normalized to High; Critical is reserved for safety emergencies.,Electrical Maintenance Services,,external:24,external:24,university_students_complaints,102,external,Infrastructure,Urgent,Maintenance,Electrical/AC | Classroom,train,test
external-103,"HDMI cables in theory classrooms are mostly faulty, causing inconvenience for faculty members and resulting in loss of lecture time. Please look into it.",IT,High,IT,High,approved,Technical issue mapped to IT. Publisher severity retained.,IT Support & Services,,external:25,external:25,university_students_complaints,103,external,Technical,High,IT,Electrical/AC | Classroom | Examination | Faculty,train,train
external-104,Library and study room spaces are insufficient and remain overcrowded during peak hours. This is affecting regular activities.,Administration,Medium,Administration,Medium,approved,Publisher Administrative label consolidated into Administration. Publisher severity retained.,General Administration,,external:26,external:26,university_students_complaints,104,external,Administrative,Medium,Library,Electrical/AC | Classroom | Library,train,validation
external-107,More female washrooms would be really appreciated. Requesting a quick check.,Maintenance,Medium,Maintenance,Medium,approved,Remaining physical infrastructure mapped to Maintenance. Publisher severity retained.,Facilities Management & Maintenance,,external:79,external:79,university_students_complaints,107,external,Infrastructure,Medium,Maintenance,Washroom | Classroom,train,train
external-110,"When student occupancy at the library increases, the Wi-Fi connection becomes very slow and frequently disconnects. This severely disrupts academic activities, research work,and online learning, making the library ineffective as a study environment during peak hours. Kindly verify and take action.",IT,High,IT,High,approved,Infrastructure record has IT as its primary department. Publisher Urgent normalized to High; Critical is reserved for safety emergencies.,IT Support & Services,,external:32,external:32,university_students_complaints,110,external,Infrastructure,Urgent,IT,WiFi | Electrical/AC | Library | Research,train,test
external-111,A studentship certificate costs a student 500taka which should be of free from the versity as a current student of the institute. This is affecting regular activities.,Administration,Medium,Administration,Medium,approved,Publisher Finance label consolidated into Administration. Publisher severity retained.,General Administration,,external:33,external:33,university_students_complaints,111,external,Finance,Medium,Registrar,Electrical/AC,train,train
external-112,Every floor should have separate male and female washrooms. This is affecting regular activities.,Facilities,High,Facilities,High,approved,Capacity or availability request mapped to Facilities. Publisher severity retained.,Facilities & Infrastructure,,external:80,external:80,university_students_complaints,112,external,Infrastructure,High,Maintenance,Washroom | Electrical/AC | Classroom,train,validation
external-114,"Just like there is a space for prayer in front of the Mechanical Department, a similar space should be provided in front of almost every department for prayers. Requesting a quick check.",Administration,Medium,Administration,Medium,approved,Publisher Administrative label consolidated into Administration. Publisher severity retained.,General Administration,,external:36,external:36,university_students_complaints,114,external,Administrative,Medium,Student Welfare,Electrical/AC | Prayer Room,train,train
external-115,It would be good if there is a bKash or Nagad merchant in service inside the university.,Administration,Low,Administration,Low,approved,Publisher Finance label consolidated into Administration. Publisher severity retained.,General Administration,,external:37,external:37,university_students_complaints,115,external,Finance,Low,Finance,Fee/Payment,train,train
external-116,Most of the computers at the labs have problems; they should be fixed. Kindly verify and take action.,IT,High,IT,High,approved,Technical issue mapped to IT. Publisher Urgent normalized to High; Critical is reserved for safety emergencies.,IT Support & Services,,external:81,external:81,university_students_complaints,116,external,Technical,Urgent,IT,Lab Equipment | Electrical/AC,train,train
external-117,"Pressure is applied to participate in co-curricular activities by seniors, even if students are unwilling or facing problems. Needs attention.",Administration,High,Administration,High,approved,Publisher Administrative label consolidated into Administration. Publisher severity retained.,General Administration,,external:39,external:39,university_students_complaints,117,external,Administrative,High,Proctorial,Electrical/AC,train,test
external-118,The 7th floor (6 of lift) does not have Wi-Fi routers. Thus the Wi-Fi connection disappears when a student enters a classroom at the 7th floor. This is extremely inconvenient as it can cause a student to miss their attendance in their class for the lack of internet connectivity despite being present at the class. Requesting a quick check.,Transport,High,Transport,High,approved,Technical transport issue routed to Transport. Publisher Urgent normalized to High; Critical is reserved for safety emergencies.,Transport & Parking Department,,external:40,external:40,university_students_complaints,118,external,Technical,Urgent,IT,WiFi | Elevator | Electrical/AC | Classroom | Transport,train,train
external-119,AC's don't work properly. Would appreciate a resolution soon.,Electrical,High,Electrical,High,approved,Electrical/AC evidence mapped to Electrical. Publisher Urgent normalized to High; Critical is reserved for safety emergencies.,Electrical Maintenance Services,,external:82,external:82,university_students_complaints,119,external,Infrastructure,Urgent,Maintenance,Electrical/AC,train,train
external-120,There is no proper wifi in campus. We should be provided with a working campus wifi. Would appreciate a resolution soon.,IT,High,IT,High,approved,Technical issue mapped to IT. Publisher Urgent normalized to High; Critical is reserved for safety emergencies.,IT Support & Services,,external:42,external:42,university_students_complaints,120,external,Technical,Urgent,IT,WiFi,train,train
external-121,The routine does not allocate time for prayers and lunch. Please look into it.,Academic,Medium,Academic,Medium,approved,Publisher Academic label retained. Publisher severity retained.,Academic Affairs & Registrar,,external:43,external:43,university_students_complaints,121,external,Academic,Medium,Department Head,Prayer Room | Scheduling,train,train
external-124,The floor of the classroom is not clean. Kindly verify and take action.,Cleanliness,Medium,Cleanliness,Medium,approved,Cleanliness language takes precedence within Infrastructure. Publisher severity retained.,Housekeeping & Janitorial Services,,external:83,external:83,university_students_complaints,124,external,Infrastructure,Medium,Maintenance,Electrical/AC | Classroom,train,train
external-125,Plaster dust is falling from the classroom wall. Please look into it.,Cleanliness,High,Cleanliness,High,approved,Cleanliness language takes precedence within Infrastructure. Publisher Urgent normalized to High; Critical is reserved for safety emergencies.,Housekeeping & Janitorial Services,,external:47,external:47,university_students_complaints,125,external,Infrastructure,Urgent,Maintenance,Classroom,train,train
external-126,"Some labs do not have sufficient equipment, and in many cases, the equipment does not work properly. This is affecting regular activities.",IT,High,IT,High,approved,Technical issue mapped to IT. Publisher Urgent normalized to High; Critical is reserved for safety emergencies.,IT Support & Services,,external:48,external:48,university_students_complaints,126,external,Technical,Urgent,Department Head,Lab Equipment | Electrical/AC,train,validation
external-127,"Besides, the Wi-Fi does not function well across the entire campus. Needs attention.",IT,High,IT,High,approved,Technical issue mapped to IT. Publisher Urgent normalized to High; Critical is reserved for safety emergencies.,IT Support & Services,,external:49,external:49,university_students_complaints,127,external,Technical,Urgent,IT,WiFi | Electrical/AC,train,test
external-128,Faculties whose voices cannot be heard loudly or find it difficult to speak loudly in large classrooms should use personal headset microphones for their ease as well as ours. Kindly verify and take action.,IT,Medium,IT,Medium,approved,Technical issue mapped to IT. Publisher severity retained.,IT Support & Services,,external:50,external:50,university_students_complaints,128,external,Technical,Medium,Department Head,Electrical/AC | Classroom,train,validation
external-131,"The transparent glass of washroom windows should be replaced with non-transparent glass, especially in lower floors, as it is a matter of privacy. Kindly verify and take action.",Maintenance,High,Maintenance,High,approved,Remaining physical infrastructure mapped to Maintenance. Publisher Urgent normalized to High; Critical is reserved for safety emergencies.,Facilities Management & Maintenance,,external:53,external:53,university_students_complaints,131,external,Infrastructure,Urgent,Maintenance,Washroom | Electrical/AC | Classroom,train,train
external-134,The size for the teacup at the cafeteria should be larger.,Administration,Low,Administration,Low,approved,Publisher Administrative label consolidated into Administration. Publisher severity retained.,General Administration,,external:56,external:56,university_students_complaints,134,external,Administrative,Low,Canteen,Electrical/AC | Canteen,train,test
external-136,"The ShaPa day should be organized every semester within 2-3 weeks after midterm exams. ShaPa being at the last week of the semester amidst lab finals and quizzes is not student friendly. Furthermore, if ShaPa is organized within 8th-10th week this semester, then it can be during the spring season i.e. before the unpredictable heat and rain of the summer season starts. The date of the day should also be fixed right after midterm exams so that students can organize their quizzes around that date.",Academic,Medium,Academic,Medium,approved,Publisher Academic label retained. Publisher severity retained.,Academic Affairs & Registrar,,external:58,external:58,university_students_complaints,136,external,Academic,Medium,Student Welfare,Lab Equipment | Examination,train,test
external-137,"at the CSE 1206 course, classes are frequently ended significantly earlier than the allocated time. Requesting a quick check.",Academic,High,Academic,High,approved,Publisher Academic label retained. Publisher severity retained.,Academic Affairs & Registrar,,external:59,external:59,university_students_complaints,137,external,Academic,High,Department Head,General,train,train
external-138,"The round tube lights at the university, especially those at the washrooms and on the Architecture stairs, should be repaired or replaced with new ones. Requesting a quick check.",Electrical,High,Electrical,High,approved,Electrical/AC evidence mapped to Electrical. Publisher Urgent normalized to High; Critical is reserved for safety emergencies.,Electrical Maintenance Services,,external:60,external:60,university_students_complaints,138,external,Infrastructure,Urgent,Maintenance,Washroom | Electrical/AC | Classroom,train,train
external-139,The exhaust fans at the washrooms and other areas should be repaired or replaced with new ones.,Electrical,High,Electrical,High,approved,Electrical/AC evidence mapped to Electrical. Publisher Urgent normalized to High; Critical is reserved for safety emergencies.,Electrical Maintenance Services,,external:61,external:61,university_students_complaints,139,external,Infrastructure,Urgent,Maintenance,Washroom | Electrical/AC | Classroom,train,train
external-140,"Due to server problems at the IUMS system, I was unable to check my result on the publication day and had to wait until the next day. Please look into it.",IT,High,IT,High,approved,Technical issue mapped to IT. Publisher Urgent normalized to High; Critical is reserved for safety emergencies.,IT Support & Services,,external:62,external:62,university_students_complaints,140,external,Technical,Urgent,IT,Examination,train,train
external-141,The group members for group projects should be selected by the teachers. The students with no groups have to suffer. This is affecting regular activities.,Academic,Medium,Academic,Medium,approved,Publisher Academic label retained. Publisher severity retained.,Academic Affairs & Registrar,,external:63,external:63,university_students_complaints,141,external,Academic,Medium,Department Head,Electrical/AC | Faculty,train,validation
external-142,Some boys think they can talk in whatever way they want with the girls . This is affecting regular activities.,Administration,High,Administration,High,approved,Publisher Administrative label consolidated into Administration. Publisher Urgent normalized to High; Critical is reserved for safety emergencies.,General Administration,,external:84,external:84,university_students_complaints,142,external,Administrative,Urgent,Proctorial,Electrical/AC,train,train
external-143,The supervisor finding procedure for thesis is so frustrating. Would appreciate a resolution soon.,Academic,High,Academic,High,approved,Publisher Academic label retained. Publisher severity retained.,Academic Affairs & Registrar,,external:85,external:85,university_students_complaints,143,external,Academic,High,Department Head,Faculty,train,train
external-144,"I am dissatisfied because students are required to pay substantial fees by the organizer, even if they do not take part in the event. Please look into it.",Administration,High,Administration,High,approved,Publisher Finance label consolidated into Administration. Publisher severity retained.,General Administration,,external:66,external:66,university_students_complaints,144,external,Finance,High,Student Welfare,Fee/Payment,train,test
external-145,Forming groups ourselves regularly leads to conflicts. It would be better if the teacher assigned the groups first to avoid any problems. This is affecting regular activities.,Academic,Medium,Academic,Medium,approved,Publisher Academic label retained. Publisher severity retained.,Academic Affairs & Registrar,,external:67,external:67,university_students_complaints,145,external,Academic,Medium,Department Head,Electrical/AC | Faculty,train,train
external-146,"It is difficult to evaluate students fairly when quizzes have uneven difficulty levels, with some sets being hard and others easy. Requesting a quick check.",Academic,High,Academic,High,approved,Publisher Academic label retained. Publisher severity retained.,Academic Affairs & Registrar,,external:68,external:68,university_students_complaints,146,external,Academic,High,Department Head,Examination,train,train
external-147,"It feels unfair that students with access to alternative sections or materials can perform better in quizzes, while others without these resources struggle. Requesting a quick check.",Academic,High,Academic,High,approved,Publisher Academic label retained. Publisher severity retained.,Academic Affairs & Registrar,,external:69,external:69,university_students_complaints,147,external,Academic,High,Department Head,Electrical/AC | Fee/Payment | Examination,train,train
external-149,"On most parts of the 8th/9th floor, WiFi is unavailable at all. Please look into it.",IT,High,IT,High,approved,Technical issue mapped to IT. Publisher Urgent normalized to High; Critical is reserved for safety emergencies.,IT Support & Services,,external:0,external:0,university_students_complaints,149,external,Technical,Urgent,IT,WiFi | Lab Equipment,train,train
external-150,unclear Projectors. This is affecting regular activities.,IT,High,IT,High,approved,Infrastructure record has IT as its primary department. Publisher severity retained.,IT Support & Services,,external:86,external:86,university_students_complaints,150,external,Infrastructure,High,IT,Projector | Electrical/AC,train,test
external-151,would benefit from bookshelf in female prayer room. Would appreciate a resolution soon.,Facilities,Low,Facilities,Low,approved,Capacity or availability request mapped to Facilities. Publisher severity retained.,Facilities & Infrastructure,,external:87,external:87,university_students_complaints,151,external,Infrastructure,Low,Maintenance,Classroom | Library | Prayer Room,train,train
external-152,are in need of a seperate female prayer room which is not just a sub portion of female common room. Kindly verify and take action.,Facilities,Medium,Facilities,Medium,approved,Capacity or availability request mapped to Facilities. Publisher severity retained.,Facilities & Infrastructure,,external:3,external:3,university_students_complaints,152,external,Infrastructure,Medium,Student Welfare,Electrical/AC | Classroom | Prayer Room,train,train
external-153,drinking water system on the 6th floor(CSE dpt) is no longer working. Requesting a quick check.,Plumbing,High,Plumbing,High,approved,Water or plumbing evidence mapped to Plumbing. Publisher Urgent normalized to High; Critical is reserved for safety emergencies.,Plumbing Services,,external:4,external:4,university_students_complaints,153,external,Infrastructure,Urgent,Maintenance,Water Supply,train,validation
external-155,some computers in LAB is very very laggy (7B01-7B08). Requesting a quick check.,IT,High,IT,High,approved,Technical issue mapped to IT. Publisher Urgent normalized to High; Critical is reserved for safety emergencies.,IT Support & Services,,external:89,external:89,university_students_complaints,155,external,Technical,Urgent,IT,Lab Equipment,train,train
external-156,Campus WiFi does not work in all areas and is also very slow. Would appreciate a resolution soon.,IT,High,IT,High,approved,Technical issue mapped to IT. Publisher Urgent normalized to High; Critical is reserved for safety emergencies.,IT Support & Services,,external:90,external:90,university_students_complaints,156,external,Technical,Urgent,IT,WiFi,train,train
external-157,"Due to continuous loud talking by some students in the library, it has become very difficult to study and maintain concentration.",Administration,Medium,Administration,Medium,approved,Publisher Administrative label consolidated into Administration. Publisher severity retained.,General Administration,,external:8,external:8,university_students_complaints,157,external,Administrative,Medium,Library,Library | Safety/Discipline,train,train
external-158,We can never find our adviser. This is affecting regular activities.,Academic,High,Academic,High,approved,Publisher Academic label retained. Publisher severity retained.,Academic Affairs & Registrar,,external:91,external:91,university_students_complaints,158,external,Academic,High,Department Head,Electrical/AC | Faculty,train,train
external-159,No hand wash in most of the washrooms.,Plumbing,High,Plumbing,High,approved,Water or plumbing evidence mapped to Plumbing. Publisher Urgent normalized to High; Critical is reserved for safety emergencies.,Plumbing Services,,external:10,external:10,university_students_complaints,159,external,Infrastructure,Urgent,Maintenance,Washroom | Classroom,train,train
external-160,"Because of the long line for the lift, it becomes difficult to attend classes on time. This is affecting regular activities.",Facilities,Medium,Facilities,Medium,approved,Capacity or availability request mapped to Facilities. Publisher severity retained.,Facilities & Infrastructure,,external:11,external:11,university_students_complaints,160,external,Infrastructure,Medium,Maintenance,Elevator | Electrical/AC,train,train
external-161,I have complain regarding the routing system of the bus.... Students go through a lot of problems to track location of the bus during arrival and departure . We know we have a msngr group where sometimes update is given but sometimes there is no update so it's a hassle... I would be better if and app system is give to know about the location of the bus upon arrival and departure. As during departure the bus doesn't always remain in same place as a result students get confused. Would appreciate a resolution soon.,Transport,Medium,Transport,Medium,approved,Technical transport issue routed to Transport. Publisher severity retained.,Transport & Parking Department,,external:12,external:12,university_students_complaints,161,external,Technical,Medium,Transport & Parking,Electrical/AC | Examination | Transport,train,train
external-163,zero Wifi facilities in peak hour. Would appreciate a resolution soon.,IT,High,IT,High,approved,Technical issue mapped to IT. Publisher Urgent normalized to High; Critical is reserved for safety emergencies.,IT Support & Services,,external:92,external:92,university_students_complaints,163,external,Technical,Urgent,IT,WiFi | Electrical/AC | Research,train,train
external-164,Inadequate Charging ports in library /reading room.,Electrical,Medium,Electrical,Medium,approved,Electrical/AC evidence mapped to Electrical. Publisher severity retained.,Electrical Maintenance Services,,external:15,external:15,university_students_complaints,164,external,Infrastructure,Medium,Library,Classroom | Library,train,train
external-168,CSE Dept doesnt have qualified teachers.,Academic,High,Academic,High,approved,Publisher Academic label retained. Publisher severity retained.,Academic Affairs & Registrar,,external:19,external:19,university_students_complaints,168,external,Academic,High,Department Head,Electrical/AC | Faculty,train,train
external-169,We are in need of more research facilities in our university and also we are in need of more experienced professors.,Academic,High,Academic,High,approved,Publisher Academic label retained. Publisher severity retained.,Academic Affairs & Registrar,,external:20,external:20,university_students_complaints,169,external,Academic,High,Department Head,Electrical/AC | Faculty | Research,train,train
external-171,CSE Dept doesnt have qualified teachers. Please look into it.,Academic,High,Academic,High,approved,Publisher Academic label retained. Publisher severity retained.,Academic Affairs & Registrar,,external:77,external:77,university_students_complaints,171,external,Academic,High,Department Head,Electrical/AC | Faculty,train,train
external-172,We would benefit from more research facilities in our university and also we would benefit from more experienced professors.,Academic,High,Academic,High,approved,Publisher Academic label retained. Publisher severity retained.,Academic Affairs & Registrar,,external:20,external:20,university_students_complaints,172,external,Academic,High,Department Head,Electrical/AC | Faculty | Research,train,train
external-173,Campus Wi-Fi speed and coverage are insufficient; the signal does not reach inside classrooms. Would appreciate a resolution soon.,IT,High,IT,High,approved,Technical issue mapped to IT. Publisher Urgent normalized to High; Critical is reserved for safety emergencies.,IT Support & Services,,external:21,external:21,university_students_complaints,173,external,Technical,Urgent,IT,WiFi | Electrical/AC | Classroom,train,train
external-174,Whiteboards in theory classrooms are damaged. Please look into it.,Maintenance,High,Maintenance,High,approved,Remaining physical infrastructure mapped to Maintenance. Publisher severity retained.,Facilities Management & Maintenance,,external:94,external:94,university_students_complaints,174,external,Infrastructure,High,Maintenance,Classroom,train,validation
external-175,"Projectors have inadequate resolution and do not display colors properly, which causes issues in several lectures. Please look into it.",IT,High,IT,High,approved,Technical issue mapped to IT. Publisher severity retained.,IT Support & Services,,external:23,external:23,university_students_complaints,175,external,Technical,High,IT,Projector,train,train
external-176,"Classroom lights and ACs are not properly maintained; some are faulty, and there appears to be little concern regarding timely repairs. Kindly verify and take action.",Electrical,High,Electrical,High,approved,Electrical/AC evidence mapped to Electrical. Publisher Urgent normalized to High; Critical is reserved for safety emergencies.,Electrical Maintenance Services,,external:24,external:24,university_students_complaints,176,external,Infrastructure,Urgent,Maintenance,Electrical/AC | Classroom,train,test
external-177,"HDMI cables in theory classrooms are mostly faulty, causing inconvenience for faculty members and resulting in loss of lecture time. Requesting a quick check.",IT,High,IT,High,approved,Technical issue mapped to IT. Publisher severity retained.,IT Support & Services,,external:25,external:25,university_students_complaints,177,external,Technical,High,IT,Electrical/AC | Classroom | Examination | Faculty,train,train
external-178,Library and study room spaces are insufficient and remain overcrowded during peak hours. Kindly verify and take action.,Administration,Medium,Administration,Medium,approved,Publisher Administrative label consolidated into Administration. Publisher severity retained.,General Administration,,external:26,external:26,university_students_complaints,178,external,Administrative,Medium,Library,Electrical/AC | Classroom | Library,train,validation
external-184,"When student occupancy in the library increases, the Wi-Fi connection becomes very slow and frequently disconnects. This severely disrupts academic activities, research work,and online learning, making the library ineffective as a study environment during peak hours. Requesting a quick check.",IT,High,IT,High,approved,Infrastructure record has IT as its primary department. Publisher Urgent normalized to High; Critical is reserved for safety emergencies.,IT Support & Services,,external:32,external:32,university_students_complaints,184,external,Infrastructure,Urgent,IT,WiFi | Electrical/AC | Library | Research,train,test
external-185,A studentship certificate costs a student 500taka which should be of free from the versity as a current student of the institute. Please look into it.,Administration,Medium,Administration,Medium,approved,Publisher Finance label consolidated into Administration. Publisher severity retained.,General Administration,,external:33,external:33,university_students_complaints,185,external,Finance,Medium,Registrar,General,train,train
external-186,Every floor should have separate male and female washrooms. Kindly verify and take action.,Facilities,High,Facilities,High,approved,Capacity or availability request mapped to Facilities. Publisher severity retained.,Facilities & Infrastructure,,external:95,external:95,university_students_complaints,186,external,Infrastructure,High,Maintenance,Washroom | Electrical/AC | Classroom,train,train
external-188,"Just like there is a space for prayer in front of the Mechanical Department, a similar space should be provided in front of almost every department for prayers. Please look into it.",Administration,Medium,Administration,Medium,approved,Publisher Administrative label consolidated into Administration. Publisher severity retained.,General Administration,,external:36,external:36,university_students_complaints,188,external,Administrative,Medium,Student Welfare,Electrical/AC | Prayer Room,train,train
external-189,It would be good if there is a bKash or Nagad merchant ready inside the university. Requesting a quick check.,Administration,Low,Administration,Low,approved,Publisher Finance label consolidated into Administration. Publisher severity retained.,General Administration,,external:37,external:37,university_students_complaints,189,external,Finance,Low,Finance,Fee/Payment,train,train
external-191,"Pressure is applied to participate in co-curricular activities by seniors, even if students are unwilling or facing problems. Would appreciate a resolution soon.",Administration,High,Administration,High,approved,Publisher Administrative label consolidated into Administration. Publisher severity retained.,General Administration,,external:39,external:39,university_students_complaints,191,external,Administrative,High,Proctorial,Electrical/AC,train,test
external-192,The 7th floor (6 of lift) does not have Wi-Fi routers. Thus the Wi-Fi connection disappears when a student enters a classroom at the 7th floor. This is extremely inconvenient as it can cause a student to miss their attendance in their class for the lack of internet connectivity despite being present at the class. Kindly verify and take action.,Transport,High,Transport,High,approved,Technical transport issue routed to Transport. Publisher Urgent normalized to High; Critical is reserved for safety emergencies.,Transport & Parking Department,,external:40,external:40,university_students_complaints,192,external,Technical,Urgent,IT,WiFi | Elevator | Electrical/AC | Classroom | Transport,train,train
external-193,AC's don't work properly. Needs attention.,Electrical,High,Electrical,High,approved,Electrical/AC evidence mapped to Electrical. Publisher Urgent normalized to High; Critical is reserved for safety emergencies.,Electrical Maintenance Services,,external:96,external:96,university_students_complaints,193,external,Infrastructure,Urgent,Maintenance,Electrical/AC,train,test
external-194,There is no proper wifi in campus. We should be provided with a working campus wifi. Kindly verify and take action.,IT,High,IT,High,approved,Technical issue mapped to IT. Publisher Urgent normalized to High; Critical is reserved for safety emergencies.,IT Support & Services,,external:42,external:42,university_students_complaints,194,external,Technical,Urgent,IT,WiFi | Electrical/AC,train,train
external-195,The routine does not allocate time for prayers and lunch. This is affecting regular activities.,Academic,Medium,Academic,Medium,approved,Publisher Academic label retained. Publisher severity retained.,Academic Affairs & Registrar,,external:97,external:97,university_students_complaints,195,external,Academic,Medium,Department Head,Electrical/AC | Prayer Room | Scheduling,train,train
external-196,The lab classes lack regular maintenance which hampers the studies. Would appreciate a resolution soon.,IT,High,IT,High,approved,Technical issue mapped to IT. Publisher severity retained.,IT Support & Services,,external:98,external:98,university_students_complaints,196,external,Technical,High,IT,Lab Equipment | Electrical/AC,train,test
external-200,"Some labs do not have sufficient equipment, and in many cases, the equipment does not work properly. Please look into it.",IT,High,IT,High,approved,Technical issue mapped to IT. Publisher Urgent normalized to High; Critical is reserved for safety emergencies.,IT Support & Services,,external:48,external:48,university_students_complaints,200,external,Technical,Urgent,Department Head,Lab Equipment,train,validation
external-201,"Besides, the Wi-Fi does not function well across the entire campus. This is affecting regular activities.",IT,High,IT,High,approved,Technical issue mapped to IT. Publisher Urgent normalized to High; Critical is reserved for safety emergencies.,IT Support & Services,,external:101,external:101,university_students_complaints,201,external,Technical,Urgent,IT,WiFi | Electrical/AC,train,test
external-202,Faculties whose voices cannot be heard loudly or find it difficult to speak loudly in large classrooms should use personal headset microphones for their ease as well as ours. Please look into it.,IT,Medium,IT,Medium,approved,Technical issue mapped to IT. Publisher severity retained.,IT Support & Services,,external:50,external:50,university_students_complaints,202,external,Technical,Medium,Department Head,Electrical/AC | Classroom,train,validation
external-205,"The transparent glass of washroom windows should be replaced with non-transparent glass, especially in lower floors, as it is a matter of privacy. This is affecting regular activities.",Maintenance,High,Maintenance,High,approved,Remaining physical infrastructure mapped to Maintenance. Publisher Urgent normalized to High; Critical is reserved for safety emergencies.,Facilities Management & Maintenance,,external:53,external:53,university_students_complaints,205,external,Infrastructure,Urgent,Maintenance,Washroom | Electrical/AC | Classroom,train,train
external-208,The size for the teacup in the cafeteria should be larger. Please look into it.,Administration,Low,Administration,Low,approved,Publisher Administrative label consolidated into Administration. Publisher severity retained.,General Administration,,external:56,external:56,university_students_complaints,208,external,Administrative,Low,Canteen,Electrical/AC | Canteen,train,test
external-210,"The ShaPa day should be organized every semester within 2-3 weeks after midterm exams. ShaPa being at the last week of the semester amidst lab finals and quizzes is not student friendly. Furthermore, if ShaPa is organized within 8th-10th week this semester, then it can be during the spring season i.e. before the unpredictable heat and rain of the summer season starts. The date of the day should also be fixed right after midterm exams so that students can organize their quizzes around that date. Please look into it.",Academic,Medium,Academic,Medium,approved,Publisher Academic label retained. Publisher severity retained.,Academic Affairs & Registrar,,external:58,external:58,university_students_complaints,210,external,Academic,Medium,Student Welfare,Lab Equipment | Examination,train,test
external-211,"at the CSE 1206 course, classes are frequently ended significantly earlier than the allocated time. This is affecting regular activities.",Academic,High,Academic,High,approved,Publisher Academic label retained. Publisher severity retained.,Academic Affairs & Registrar,,external:59,external:59,university_students_complaints,211,external,Academic,High,Department Head,Electrical/AC,train,train
external-212,"The round tube lights at the university, especially those at the washrooms and on the Architecture stairs, should be repaired or replaced with new ones. Please look into it.",Electrical,High,Electrical,High,approved,Electrical/AC evidence mapped to Electrical. Publisher Urgent normalized to High; Critical is reserved for safety emergencies.,Electrical Maintenance Services,,external:60,external:60,university_students_complaints,212,external,Infrastructure,Urgent,Maintenance,Washroom | Electrical/AC | Classroom,train,train
external-213,The exhaust fans in the washrooms and other areas should be repaired or replaced with new ones. This is affecting regular activities.,Electrical,High,Electrical,High,approved,Electrical/AC evidence mapped to Electrical. Publisher Urgent normalized to High; Critical is reserved for safety emergencies.,Electrical Maintenance Services,,external:61,external:61,university_students_complaints,213,external,Infrastructure,Urgent,Maintenance,Washroom | Electrical/AC | Classroom,train,train
external-214,"Due to server problems in the IUMS system, I was unable to check my result on the publication day and had to wait until the next day. Kindly verify and take action.",IT,High,IT,High,approved,Technical issue mapped to IT. Publisher Urgent normalized to High; Critical is reserved for safety emergencies.,IT Support & Services,,external:62,external:62,university_students_complaints,214,external,Technical,Urgent,IT,Electrical/AC | Examination,train,train
external-215,The group members for group projects should be selected by the teachers. The students with no groups have to suffer. Requesting a quick check.,Academic,Medium,Academic,Medium,approved,Publisher Academic label retained. Publisher severity retained.,Academic Affairs & Registrar,,external:63,external:63,university_students_complaints,215,external,Academic,Medium,Department Head,Electrical/AC | Faculty,train,validation
external-216,Some boys think they can talk in whatever way they want with the girls . Needs attention.,Administration,High,Administration,High,approved,Publisher Administrative label consolidated into Administration. Publisher Urgent normalized to High; Critical is reserved for safety emergencies.,General Administration,,external:64,external:64,university_students_complaints,216,external,Administrative,Urgent,Proctorial,General,train,train
external-218,"I am dissatisfied because students are required to pay substantial fees by the organizer, even if they do not take part at the event. Would appreciate a resolution soon.",Administration,High,Administration,High,approved,Publisher Finance label consolidated into Administration. Publisher severity retained.,General Administration,,external:66,external:66,university_students_complaints,218,external,Finance,High,Student Welfare,Fee/Payment,train,test
external-219,Forming groups ourselves frequently leads to conflicts. It would be better if the teacher assigned the groups first to avoid any problems. Please look into it.,Academic,Medium,Academic,Medium,approved,Publisher Academic label retained. Publisher severity retained.,Academic Affairs & Registrar,,external:67,external:67,university_students_complaints,219,external,Academic,Medium,Department Head,Electrical/AC | Faculty,train,train
external-220,"It is difficult to evaluate students fairly when quizzes have uneven difficulty levels, with some sets being hard and others easy. This is affecting regular activities.",Academic,High,Academic,High,approved,Publisher Academic label retained. Publisher severity retained.,Academic Affairs & Registrar,,external:68,external:68,university_students_complaints,220,external,Academic,High,Department Head,Electrical/AC | Examination,train,train
external-221,"It feels unfair that students with access to alternative sections or materials can perform better in quizzes, while others without these resources struggle. Kindly verify and take action.",Academic,High,Academic,High,approved,Publisher Academic label retained. Publisher severity retained.,Academic Affairs & Registrar,,external:69,external:69,university_students_complaints,221,external,Academic,High,Department Head,Electrical/AC | Fee/Payment | Examination,train,train
external-224,out of focus Projectors. This is affecting regular activities.,IT,High,IT,High,approved,Infrastructure record has IT as its primary department. Publisher severity retained.,IT Support & Services,,external:86,external:86,university_students_complaints,224,external,Infrastructure,High,IT,Projector | Electrical/AC,train,test
external-225,require bookshelf in female prayer room. Kindly verify and take action.,Facilities,Low,Facilities,Low,approved,Capacity or availability request mapped to Facilities. Publisher severity retained.,Facilities & Infrastructure,,external:105,external:105,university_students_complaints,225,external,Infrastructure,Low,Maintenance,Electrical/AC | Classroom | Library | Prayer Room,train,train
external-226,require a seperate female prayer room which is not just a sub portion of female common room. Needs attention.,Facilities,Medium,Facilities,Medium,approved,Capacity or availability request mapped to Facilities. Publisher severity retained.,Facilities & Infrastructure,,external:3,external:3,university_students_complaints,226,external,Infrastructure,Medium,Student Welfare,Classroom | Prayer Room,train,train
external-227,drinking water system on the 6th floor(CSE dpt) is no longer working. Please look into it.,Plumbing,High,Plumbing,High,approved,Water or plumbing evidence mapped to Plumbing. Publisher Urgent normalized to High; Critical is reserved for safety emergencies.,Plumbing Services,,external:4,external:4,university_students_complaints,227,external,Infrastructure,Urgent,Maintenance,Water Supply,train,validation
external-228,Some projectors are not clear. This is affecting regular activities.,IT,High,IT,High,approved,Infrastructure record has IT as its primary department. Publisher severity retained.,IT Support & Services,,external:86,external:86,university_students_complaints,228,external,Infrastructure,High,IT,Projector | Electrical/AC,train,test
external-230,Campus WiFi does not work in all areas and is also very slow. This is affecting regular activities.,IT,High,IT,High,approved,Technical issue mapped to IT. Publisher Urgent normalized to High; Critical is reserved for safety emergencies.,IT Support & Services,,external:106,external:106,university_students_complaints,230,external,Technical,Urgent,IT,WiFi | Electrical/AC,train,train
external-231,"Due to continuous loud talking by some students at the library, it has become very difficult to study and maintain concentration. Kindly verify and take action.",Administration,Medium,Administration,Medium,approved,Publisher Administrative label consolidated into Administration. Publisher severity retained.,General Administration,,external:8,external:8,university_students_complaints,231,external,Administrative,Medium,Library,Electrical/AC | Library | Safety/Discipline,train,train
external-232,We can never find our adviser. Please look into it.,Academic,High,Academic,High,approved,Publisher Academic label retained. Publisher severity retained.,Academic Affairs & Registrar,,external:107,external:107,university_students_complaints,232,external,Academic,High,Department Head,Faculty,train,train
external-233,No hand wash in most of the washrooms. Please look into it.,Plumbing,High,Plumbing,High,approved,Water or plumbing evidence mapped to Plumbing. Publisher Urgent normalized to High; Critical is reserved for safety emergencies.,Plumbing Services,,external:108,external:108,university_students_complaints,233,external,Infrastructure,Urgent,Maintenance,Washroom | Classroom,train,train
external-234,"Because of the long line for the lift, it becomes difficult to attend classes on time.",Facilities,Medium,Facilities,Medium,approved,Capacity or availability request mapped to Facilities. Publisher severity retained.,Facilities & Infrastructure,,external:11,external:11,university_students_complaints,234,external,Infrastructure,Medium,Maintenance,Elevator,train,train
external-235,I have complain regarding the routing system of the bus.... Students go through a lot of problems to track location of the bus during arrival and departure . We know we have a msngr group where sometimes update is given but sometimes there is no update so it's a hassle... I would be better if and app system is give to know about the location of the bus upon arrival and departure. As during departure the bus doesn't always remain in same place as a result students get confused. This is affecting regular activities.,Transport,Medium,Transport,Medium,approved,Technical transport issue routed to Transport. Publisher severity retained.,Transport & Parking Department,,external:12,external:12,university_students_complaints,235,external,Technical,Medium,Transport & Parking,Electrical/AC | Examination | Transport,train,train
external-237,zero Wifi facilities in peak hour. Requesting a quick check.,IT,High,IT,High,approved,Technical issue mapped to IT. Publisher Urgent normalized to High; Critical is reserved for safety emergencies.,IT Support & Services,,external:109,external:109,university_students_complaints,237,external,Technical,Urgent,IT,WiFi | Electrical/AC | Research,train,train
external-238,Inadequate Charging ports in library /reading room. Needs attention.,Electrical,Medium,Electrical,Medium,approved,Electrical/AC evidence mapped to Electrical. Publisher severity retained.,Electrical Maintenance Services,,external:15,external:15,university_students_complaints,238,external,Infrastructure,Medium,Library,Classroom | Library,train,train
external-241,The classroom projectors doesnt work well. Requesting a quick check.,IT,High,IT,High,approved,Technical issue mapped to IT. Publisher Urgent normalized to High; Critical is reserved for safety emergencies.,IT Support & Services,,external:110,external:110,university_students_complaints,241,external,Technical,Urgent,IT,Projector | Classroom,train,train
external-242,CSE Dept doesnt have qualified teachers. Would appreciate a resolution soon.,Academic,High,Academic,High,approved,Publisher Academic label retained. Publisher severity retained.,Academic Affairs & Registrar,,external:111,external:111,university_students_complaints,242,external,Academic,High,Department Head,Electrical/AC | Faculty,train,test
external-243,We require more research facilities in our university and also we require more experienced professors. Needs attention.,Academic,High,Academic,High,approved,Publisher Academic label retained. Publisher severity retained.,Academic Affairs & Registrar,,external:20,external:20,university_students_complaints,243,external,Academic,High,Department Head,Electrical/AC | Faculty | Research,train,train
external-246,We are in need of more research facilities in our university and also we are in need of more experienced professors. Needs attention.,Academic,High,Academic,High,approved,Publisher Academic label retained. Publisher severity retained.,Academic Affairs & Registrar,,external:20,external:20,university_students_complaints,246,external,Academic,High,Department Head,Electrical/AC | Faculty | Research,train,train
external-247,Campus Wi-Fi speed and coverage are insufficient; the signal does not reach inside classrooms. This is affecting regular activities.,IT,High,IT,High,approved,Technical issue mapped to IT. Publisher Urgent normalized to High; Critical is reserved for safety emergencies.,IT Support & Services,,external:21,external:21,university_students_complaints,247,external,Technical,Urgent,IT,WiFi | Electrical/AC | Classroom,train,train
external-249,"Projectors have subpar resolution and do not display colors properly, which causes issues in several lectures. Requesting a quick check.",IT,High,IT,High,approved,Technical issue mapped to IT. Publisher severity retained.,IT Support & Services,,external:23,external:23,university_students_complaints,249,external,Technical,High,IT,Projector,train,train
external-250,"Classroom lights and ACs are not properly maintained; some are faulty, and there appears to be little concern regarding timely repairs. Needs attention.",Electrical,High,Electrical,High,approved,Electrical/AC evidence mapped to Electrical. Publisher Urgent normalized to High; Critical is reserved for safety emergencies.,Electrical Maintenance Services,,external:24,external:24,university_students_complaints,250,external,Infrastructure,Urgent,Maintenance,Electrical/AC | Classroom,train,test
external-251,"HDMI cables in theory classrooms are mostly faulty, causing inconvenience for faculty members and resulting in loss of lecture time. Kindly verify and take action.",IT,High,IT,High,approved,Technical issue mapped to IT. Publisher severity retained.,IT Support & Services,,external:25,external:25,university_students_complaints,251,external,Technical,High,IT,Electrical/AC | Classroom | Examination | Faculty,train,train
external-252,Library and study room spaces are insufficient and remain overcrowded during peak hours. Requesting a quick check.,Administration,Medium,Administration,Medium,approved,Publisher Administrative label consolidated into Administration. Publisher severity retained.,General Administration,,external:26,external:26,university_students_complaints,252,external,Administrative,Medium,Library,Electrical/AC | Classroom | Library,train,validation
external-255,More female washrooms would be really appreciated. Kindly verify and take action.,Maintenance,Medium,Maintenance,Medium,approved,Remaining physical infrastructure mapped to Maintenance. Publisher severity retained.,Facilities Management & Maintenance,,external:113,external:113,university_students_complaints,255,external,Infrastructure,Medium,Maintenance,Washroom | Electrical/AC | Classroom,train,train
external-258,"When student occupancy in the library increases, the Wi-Fi connection becomes very slow and frequently disconnects. This severely disrupts academic activities, research work,and online learning, making the library ineffective as a study environment during peak hours. Kindly verify and take action.",IT,High,IT,High,approved,Infrastructure record has IT as its primary department. Publisher Urgent normalized to High; Critical is reserved for safety emergencies.,IT Support & Services,,external:32,external:32,university_students_complaints,258,external,Infrastructure,Urgent,IT,WiFi | Electrical/AC | Library | Research,train,test
external-259,A studentship certificate costs a student 500taka which should be of free from the versity as a current student of the institute. Needs attention.,Administration,Medium,Administration,Medium,approved,Publisher Finance label consolidated into Administration. Publisher severity retained.,General Administration,,external:33,external:33,university_students_complaints,259,external,Finance,Medium,Registrar,General,train,train
external-260,Every floor should have separate male and female washrooms. Requesting a quick check.,Facilities,High,Facilities,High,approved,Capacity or availability request mapped to Facilities. Publisher severity retained.,Facilities & Infrastructure,,external:34,external:34,university_students_complaints,260,external,Infrastructure,High,Maintenance,Washroom | Classroom,train,train
external-261,Each floor should have one wheelchair in service. Please look into it.,Administration,High,Administration,High,approved,Publisher Administrative label consolidated into Administration. Publisher severity retained.,General Administration,,external:114,external:114,university_students_complaints,261,external,Administrative,High,Student Welfare,Electrical/AC,train,test
external-262,"Just like there is a space for prayer in front of the Mechanical Department, a similar space should be provided in front of almost every department for prayers. Kindly verify and take action.",Administration,Medium,Administration,Medium,approved,Publisher Administrative label consolidated into Administration. Publisher severity retained.,General Administration,,external:36,external:36,university_students_complaints,262,external,Administrative,Medium,Student Welfare,Electrical/AC | Prayer Room,train,train
external-263,It would be good if there is a bKash or Nagad merchant in service inside the university. Kindly verify and take action.,Administration,Low,Administration,Low,approved,Publisher Finance label consolidated into Administration. Publisher severity retained.,General Administration,,external:115,external:115,university_students_complaints,263,external,Finance,Low,Finance,Electrical/AC | Fee/Payment,train,test
external-265,"Pressure is applied to participate in co-curricular activities by seniors, even if students are unwilling or facing problems. Kindly verify and take action.",Administration,High,Administration,High,approved,Publisher Administrative label consolidated into Administration. Publisher severity retained.,General Administration,,external:39,external:39,university_students_complaints,265,external,Administrative,High,Proctorial,Electrical/AC,train,test
external-266,The 7th floor (6 of lift) does not have Wi-Fi routers. Thus the Wi-Fi connection disappears when a student enters a classroom in the 7th floor. This is extremely inconvenient as it can cause a student to miss their attendance in their class for the lack of internet connectivity despite being present in the class. Please look into it.,Transport,High,Transport,High,approved,Technical transport issue routed to Transport. Publisher Urgent normalized to High; Critical is reserved for safety emergencies.,Transport & Parking Department,,external:40,external:40,university_students_complaints,266,external,Technical,Urgent,IT,WiFi | Elevator | Electrical/AC | Classroom | Transport,train,train
external-268,There is no proper wifi in campus. We should be provided with a working campus wifi. Requesting a quick check.,IT,High,IT,High,approved,Technical issue mapped to IT. Publisher Urgent normalized to High; Critical is reserved for safety emergencies.,IT Support & Services,,external:42,external:42,university_students_complaints,268,external,Technical,Urgent,IT,WiFi,train,train
external-269,The routine does not allocate time for prayers and lunch. Needs attention.,Academic,Medium,Academic,Medium,approved,Publisher Academic label retained. Publisher severity retained.,Academic Affairs & Registrar,,external:43,external:43,university_students_complaints,269,external,Academic,Medium,Department Head,Prayer Room | Scheduling,train,train
external-274,"Some labs do not have sufficient equipment, and in many cases, the equipment does not work properly. Needs attention.",IT,High,IT,High,approved,Technical issue mapped to IT. Publisher Urgent normalized to High; Critical is reserved for safety emergencies.,IT Support & Services,,external:48,external:48,university_students_complaints,274,external,Technical,Urgent,Department Head,Lab Equipment,train,validation
external-275,"Besides, the Wi-Fi does not function well across the entire campus. Please look into it.",IT,High,IT,High,approved,Technical issue mapped to IT. Publisher Urgent normalized to High; Critical is reserved for safety emergencies.,IT Support & Services,,external:49,external:49,university_students_complaints,275,external,Technical,Urgent,IT,WiFi | Electrical/AC,train,test
external-276,Faculties whose voices cannot be heard loudly or find it difficult to speak loudly in large classrooms should use personal headset microphones for their ease as well as ours. This is affecting regular activities.,IT,Medium,IT,Medium,approved,Technical issue mapped to IT. Publisher severity retained.,IT Support & Services,,external:50,external:50,university_students_complaints,276,external,Technical,Medium,Department Head,Electrical/AC | Classroom,train,validation
external-279,"The transparent glass of washroom windows should be replaced with non-transparent glass, especially in lower floors, as it is a matter of privacy. Would appreciate a resolution soon.",Maintenance,High,Maintenance,High,approved,Remaining physical infrastructure mapped to Maintenance. Publisher Urgent normalized to High; Critical is reserved for safety emergencies.,Facilities Management & Maintenance,,external:53,external:53,university_students_complaints,279,external,Infrastructure,Urgent,Maintenance,Washroom | Electrical/AC | Classroom,train,train
external-284,"The ShaPa day should be organized every semester within 2-3 weeks after midterm exams. ShaPa being in the last week of the semester amidst lab finals and quizzes is not student friendly. Furthermore, if ShaPa is organized within 8th-10th week this semester, then it can be during the spring season i.e. before the unpredictable heat and rain of the summer season starts. The date of the day should also be fixed right after midterm exams so that students can organize their quizzes around that date. Please look into it.",Academic,Medium,Academic,Medium,approved,Publisher Academic label retained. Publisher severity retained.,Academic Affairs & Registrar,,external:58,external:58,university_students_complaints,284,external,Academic,Medium,Student Welfare,Lab Equipment | Examination,train,test
external-285,"In the CSE 1206 course, classes are frequently ended significantly earlier than the allocated time. Please look into it.",Academic,High,Academic,High,approved,Publisher Academic label retained. Publisher severity retained.,Academic Affairs & Registrar,,external:59,external:59,university_students_complaints,285,external,Academic,High,Department Head,General,train,train
external-286,"The round tube lights at the university, especially those at the washrooms and on the Architecture stairs, should be repaired or replaced with new ones. Needs attention.",Electrical,High,Electrical,High,approved,Electrical/AC evidence mapped to Electrical. Publisher Urgent normalized to High; Critical is reserved for safety emergencies.,Electrical Maintenance Services,,external:60,external:60,university_students_complaints,286,external,Infrastructure,Urgent,Maintenance,Washroom | Electrical/AC | Classroom,train,train
external-287,The exhaust fans at the washrooms and other areas should be repaired or replaced with new ones. Please look into it.,Electrical,High,Electrical,High,approved,Electrical/AC evidence mapped to Electrical. Publisher Urgent normalized to High; Critical is reserved for safety emergencies.,Electrical Maintenance Services,,external:61,external:61,university_students_complaints,287,external,Infrastructure,Urgent,Maintenance,Washroom | Electrical/AC | Classroom,train,train
external-288,"Due to server problems in the IUMS system, I was unable to check my result on the publication day and had to wait until the next day.",IT,High,IT,High,approved,Technical issue mapped to IT. Publisher Urgent normalized to High; Critical is reserved for safety emergencies.,IT Support & Services,,external:62,external:62,university_students_complaints,288,external,Technical,Urgent,IT,Examination,train,train
external-289,The group members for group projects should be selected by the teachers. The students with no groups have to suffer.,Academic,Medium,Academic,Medium,approved,Publisher Academic label retained. Publisher severity retained.,Academic Affairs & Registrar,,external:63,external:63,university_students_complaints,289,external,Academic,Medium,Department Head,Electrical/AC | Faculty,train,validation
external-290,Some boys think they can talk in whatever way they want with the girls . Please look into it.,Administration,High,Administration,High,approved,Publisher Administrative label consolidated into Administration. Publisher Urgent normalized to High; Critical is reserved for safety emergencies.,General Administration,,external:64,external:64,university_students_complaints,290,external,Administrative,Urgent,Proctorial,General,train,train
external-292,"I am dissatisfied because students are required to pay substantial fees by the organizer, even if they do not take part in the event. Needs attention.",Administration,High,Administration,High,approved,Publisher Finance label consolidated into Administration. Publisher severity retained.,General Administration,,external:66,external:66,university_students_complaints,292,external,Finance,High,Student Welfare,Fee/Payment,train,test
external-293,Forming groups ourselves regularly leads to conflicts. It would be better if the teacher assigned the groups first to avoid any problems.,Academic,Medium,Academic,Medium,approved,Publisher Academic label retained. Publisher severity retained.,Academic Affairs & Registrar,,external:67,external:67,university_students_complaints,293,external,Academic,Medium,Department Head,Electrical/AC | Faculty,train,train
external-294,"It is difficult to evaluate students fairly when quizzes have uneven difficulty levels, with some sets being hard and others easy. Would appreciate a resolution soon.",Academic,High,Academic,High,approved,Publisher Academic label retained. Publisher severity retained.,Academic Affairs & Registrar,,external:68,external:68,university_students_complaints,294,external,Academic,High,Department Head,Examination,train,train
external-295,"It feels unfair that students with access to alternative sections or materials can perform better in quizzes, while others without these resources struggle. This is affecting regular activities.",Academic,High,Academic,High,approved,Publisher Academic label retained. Publisher severity retained.,Academic Affairs & Registrar,,external:69,external:69,university_students_complaints,295,external,Academic,High,Department Head,Electrical/AC | Fee/Payment | Examination,train,train
external-298,Lights in the hallway of the academic building are not working.,Electrical,High,Electrical,High,approved,Electrical/AC evidence mapped to Electrical. Publisher severity retained.,Electrical Maintenance Services,,external:121,external:121,university_students_complaints,298,external,Infrastructure,High,Maintenance,Electrical/AC,train,train
external-299,Backup generator failed during a recent power cut.,Electrical,Medium,Electrical,Medium,approved,Electrical/AC evidence mapped to Electrical. Publisher severity retained.,Electrical Maintenance Services,,external:122,external:122,university_students_complaints,299,external,Infrastructure,Medium,Maintenance,Electrical/AC,train,train
external-300,Several classroom ceiling fans are not functioning.,Electrical,Medium,Electrical,Medium,approved,Electrical/AC evidence mapped to Electrical. Publisher severity retained.,Electrical Maintenance Services,,external:123,external:123,university_students_complaints,300,external,Infrastructure,Medium,Maintenance,Electrical/AC | Classroom,train,train
external-301,Voltage fluctuation is affecting computer lab equipment.,Maintenance,High,Maintenance,High,approved,Remaining physical infrastructure mapped to Maintenance. Publisher Urgent normalized to High; Critical is reserved for safety emergencies.,Facilities Management & Maintenance,,external:124,external:124,university_students_complaints,301,external,Infrastructure,Urgent,Maintenance,Lab Equipment,train,test
external-302,Electrical sockets in the library are damaged.,Electrical,High,Electrical,High,approved,Electrical/AC evidence mapped to Electrical. Publisher Urgent normalized to High; Critical is reserved for safety emergencies.,Electrical Maintenance Services,,external:125,external:125,university_students_complaints,302,external,Infrastructure,Urgent,Maintenance,Library,train,validation
external-304,Projector power outlets are loose in multiple rooms.,Electrical,Low,Electrical,Low,approved,Electrical/AC evidence mapped to Electrical. Publisher severity retained.,Electrical Maintenance Services,,external:127,external:127,university_students_complaints,304,external,Infrastructure,Low,Maintenance,Projector | Electrical/AC | Classroom,train,train
external-305,Outdoor campus lights remain off at night.,Electrical,High,Electrical,High,approved,Electrical/AC evidence mapped to Electrical. Publisher severity retained.,Electrical Maintenance Services,,external:128,external:128,university_students_complaints,305,external,Infrastructure,High,Maintenance,General,train,train
external-306,Electrical wiring near the lab entrance is exposed.,Electrical,High,Electrical,High,approved,Electrical/AC evidence mapped to Electrical. Publisher severity retained.,Electrical Maintenance Services,,external:129,external:129,university_students_complaints,306,external,Infrastructure,High,Maintenance,Lab Equipment,train,train
external-308,Frequent power interruptions during lab sessions.,Electrical,High,Electrical,High,approved,Electrical/AC evidence mapped to Electrical. Publisher severity retained.,Electrical Maintenance Services,,external:131,external:131,university_students_complaints,308,external,Infrastructure,High,Maintenance,Lab Equipment | Electrical/AC,train,train
external-309,Some classrooms remain very hot due to non‑working fans.,Electrical,High,Electrical,High,approved,Electrical/AC evidence mapped to Electrical. Publisher Urgent normalized to High; Critical is reserved for safety emergencies.,Electrical Maintenance Services,,external:132,external:132,university_students_complaints,309,external,Infrastructure,Urgent,Maintenance,Electrical/AC | Classroom,train,train
external-310,Switchboards in lecture halls are broken.,Maintenance,Medium,Maintenance,Medium,approved,Remaining physical infrastructure mapped to Maintenance. Publisher severity retained.,Facilities Management & Maintenance,,external:133,external:133,university_students_complaints,310,external,Infrastructure,Medium,Maintenance,General,train,train
external-311,Electric sparks noticed near an old switchboard.,Electrical,Medium,Electrical,Medium,approved,Electrical/AC evidence mapped to Electrical. Publisher severity retained.,Electrical Maintenance Services,,external:134,external:134,university_students_complaints,311,external,Infrastructure,Medium,Maintenance,General,train,validation
external-312,Power supply in the seminar room is unstable.,Electrical,High,Electrical,High,approved,Electrical/AC evidence mapped to Electrical. Publisher Urgent normalized to High; Critical is reserved for safety emergencies.,Electrical Maintenance Services,,external:135,external:135,university_students_complaints,312,external,Infrastructure,Urgent,Maintenance,Electrical/AC | Classroom,train,train
external-313,Generator does not cover all floors during outages.,Electrical,Medium,Electrical,Medium,approved,Electrical/AC evidence mapped to Electrical. Publisher severity retained.,Electrical Maintenance Services,,external:136,external:136,university_students_complaints,313,external,Infrastructure,Medium,Maintenance,General,train,validation
external-314,Several bulbs in corridors have not been replaced.,Maintenance,High,Maintenance,High,approved,Remaining physical infrastructure mapped to Maintenance. Publisher severity retained.,Facilities Management & Maintenance,,external:137,external:137,university_students_complaints,314,external,Infrastructure,High,Maintenance,Electrical/AC,train,validation
external-315,Computer lab loses electricity during peak hours.,Maintenance,High,Maintenance,High,approved,Remaining physical infrastructure mapped to Maintenance. Publisher Urgent normalized to High; Critical is reserved for safety emergencies.,Facilities Management & Maintenance,,external:138,external:138,university_students_complaints,315,external,Infrastructure,Urgent,Maintenance,Lab Equipment | Electrical/AC,train,train
external-316,Air conditioning in the auditorium stops suddenly.,Electrical,High,Electrical,High,approved,Electrical/AC evidence mapped to Electrical. Publisher Urgent normalized to High; Critical is reserved for safety emergencies.,Electrical Maintenance Services,,external:139,external:139,university_students_complaints,316,external,Infrastructure,Urgent,Maintenance,Electrical/AC,train,train
external-317,Charging ports for students are not working.,Electrical,Medium,Electrical,Medium,approved,Electrical/AC evidence mapped to Electrical. Publisher severity retained.,Electrical Maintenance Services,,external:140,external:140,university_students_complaints,317,external,Infrastructure,Medium,Maintenance,General,train,test
external-318,Electrical maintenance requests take too long to resolve.,Electrical,Low,Electrical,Low,approved,Electrical/AC evidence mapped to Electrical. Publisher severity retained.,Electrical Maintenance Services,,external:141,external:141,university_students_complaints,318,external,Infrastructure,Low,Maintenance,General,train,train
external-319,Lights in the parking basement flicker frequently.,Electrical,High,Electrical,High,approved,Electrical/AC evidence mapped to Electrical. Publisher Urgent normalized to High; Critical is reserved for safety emergencies.,Electrical Maintenance Services,,external:142,external:142,university_students_complaints,319,external,Infrastructure,Urgent,Maintenance,Parking,train,train
external-320,Extension cables in labs are damaged.,Electrical,Low,Electrical,Low,approved,Electrical/AC evidence mapped to Electrical. Publisher severity retained.,Electrical Maintenance Services,,external:143,external:143,university_students_complaints,320,external,Infrastructure,Low,Maintenance,Lab Equipment,train,train
external-321,Some switches in classrooms produce burning smell,Cleanliness,High,Cleanliness,High,approved,Cleanliness language takes precedence within Infrastructure. Publisher severity retained.,Housekeeping & Janitorial Services,,external:144,external:144,university_students_complaints,321,external,Infrastructure,High,Maintenance,Classroom,train,test
external-322,Online fee payment portal often fails during transactions.,Administration,Medium,Administration,Medium,approved,Publisher Finance label consolidated into Administration. Publisher severity retained.,General Administration,,external:145,external:145,university_students_complaints,322,external,Finance,Medium,Finance,Electrical/AC | Fee/Payment,train,train
external-323,Fee payment confirmation takes several days to appear.,Administration,Low,Administration,Low,approved,Publisher Finance label consolidated into Administration. Publisher severity retained.,General Administration,,external:146,external:146,university_students_complaints,323,external,Finance,Low,Finance,Fee/Payment,train,train
external-324,Students must stand in very long queues for payment.,Administration,Medium,Administration,Medium,approved,Publisher Finance label consolidated into Administration. Publisher severity retained.,General Administration,,external:147,external:147,university_students_complaints,324,external,Finance,Medium,Finance,Fee/Payment,train,test
external-325,Incorrect late fee added to student accounts.,Administration,High,Administration,High,approved,Publisher Finance label consolidated into Administration. Publisher Urgent normalized to High; Critical is reserved for safety emergencies.,General Administration,,external:148,external:148,university_students_complaints,325,external,Finance,Urgent,Finance,Electrical/AC | Fee/Payment,train,train
external-326,Refund process after course withdrawal is too slow.,Administration,High,Administration,High,approved,Publisher Finance label consolidated into Administration. Publisher Urgent normalized to High; Critical is reserved for safety emergencies.,General Administration,,external:149,external:149,university_students_complaints,326,external,Finance,Urgent,Finance,General,train,test
external-327,Fee receipt not issued immediately after payment.,Administration,High,Administration,High,approved,Publisher Finance label consolidated into Administration. Publisher Urgent normalized to High; Critical is reserved for safety emergencies.,General Administration,,external:150,external:150,university_students_complaints,327,external,Finance,Urgent,Finance,Fee/Payment,train,validation
external-328,Scholarship adjustments are not reflected in fee statements.,Administration,High,Administration,High,approved,Publisher Finance label consolidated into Administration. Publisher Urgent normalized to High; Critical is reserved for safety emergencies.,General Administration,,external:151,external:151,university_students_complaints,328,external,Finance,Urgent,Finance,Fee/Payment,train,test
external-330,Semester fee breakdown is not clearly explained.,Administration,High,Administration,High,approved,Publisher Finance label consolidated into Administration. Publisher severity retained.,General Administration,,external:153,external:153,university_students_complaints,330,external,Finance,High,Finance,Fee/Payment,train,train
external-332,Online portal shows payment error despite deduction.,Administration,Low,Administration,Low,approved,Publisher Finance label consolidated into Administration. Publisher severity retained.,General Administration,,external:155,external:155,university_students_complaints,332,external,Finance,Low,Finance,Fee/Payment,train,train
external-333,Fee clearance process takes too long before registration.,Administration,Medium,Administration,Medium,approved,Publisher Finance label consolidated into Administration. Publisher severity retained.,General Administration,,external:156,external:156,university_students_complaints,333,external,Finance,Medium,Finance,Fee/Payment | Registration,train,train
external-337,Students cannot download digital payment receipts.,Administration,High,Administration,High,approved,Publisher Finance label consolidated into Administration. Publisher Urgent normalized to High; Critical is reserved for safety emergencies.,General Administration,,external:160,external:160,university_students_complaints,337,external,Finance,Urgent,Finance,Fee/Payment,train,train
external-338,Late fee applied even when payment was submitted earlier.,Administration,High,Administration,High,approved,Publisher Finance label consolidated into Administration. Publisher severity retained.,General Administration,,external:161,external:161,university_students_complaints,338,external,Finance,High,Finance,Fee/Payment,train,train
external-339,Fee portal crashes near payment deadlines.,Administration,Medium,Administration,Medium,approved,Publisher Finance label consolidated into Administration. Publisher severity retained.,General Administration,,external:162,external:162,university_students_complaints,339,external,Finance,Medium,Finance,Fee/Payment,train,train
external-340,Payment verification requires multiple office visits.,Administration,High,Administration,High,approved,Publisher Finance label consolidated into Administration. Publisher severity retained.,General Administration,,external:163,external:163,university_students_complaints,340,external,Finance,High,Finance,Fee/Payment,train,train
external-342,Fee refund policy is unclear for many students.,Administration,High,Administration,High,approved,Publisher Finance label consolidated into Administration. Publisher severity retained.,General Administration,,external:165,external:165,university_students_complaints,342,external,Finance,High,Finance,Fee/Payment,train,train
external-343,Payment portal does not support several mobile banking apps.,Administration,Medium,Administration,Medium,approved,Publisher Finance label consolidated into Administration. Publisher severity retained.,General Administration,,external:166,external:166,university_students_complaints,343,external,Finance,Medium,Finance,Fee/Payment,train,test
external-344,Installment payment requests are often ignored.,Administration,High,Administration,High,approved,Publisher Finance label consolidated into Administration. Publisher Urgent normalized to High; Critical is reserved for safety emergencies.,General Administration,,external:167,external:167,university_students_complaints,344,external,Finance,Urgent,Finance,Fee/Payment,train,train
external-349,No clear parking markings for vehicles.,Transport,High,Transport,High,approved,Infrastructure transport/parking issue mapped to Transport. Publisher Urgent normalized to High; Critical is reserved for safety emergencies.,Transport & Parking Department,,external:172,external:172,university_students_complaints,349,external,Infrastructure,Urgent,Transport & Parking,Parking,train,train
external-351,Security monitoring in parking areas is weak.,Transport,Low,Transport,Low,approved,Infrastructure transport/parking issue mapped to Transport. Publisher severity retained.,Transport & Parking Department,,external:174,external:174,university_students_complaints,351,external,Infrastructure,Low,Transport & Parking,Parking,train,train
external-353,No shade in motorcycle parking areas.,Transport,Medium,Transport,Medium,approved,Infrastructure transport/parking issue mapped to Transport. Publisher severity retained.,Transport & Parking Department,,external:176,external:176,university_students_complaints,353,external,Infrastructure,Medium,Transport & Parking,Parking,train,test
external-354,Parking area lighting is very poor at night.,Transport,Low,Transport,Low,approved,Infrastructure transport/parking issue mapped to Transport. Publisher severity retained.,Transport & Parking Department,,external:177,external:177,university_students_complaints,354,external,Infrastructure,Low,Transport & Parking,Parking,train,train
external-355,Unauthorized vehicles occupy student parking spots.,Transport,Low,Transport,Low,approved,Infrastructure transport/parking issue mapped to Transport. Publisher severity retained.,Transport & Parking Department,,external:178,external:178,university_students_complaints,355,external,Infrastructure,Low,Transport & Parking,Parking,train,validation
external-356,Parking space for bicycles is too small.,Transport,High,Transport,High,approved,Infrastructure transport/parking issue mapped to Transport. Publisher Urgent normalized to High; Critical is reserved for safety emergencies.,Transport & Parking Department,,external:179,external:179,university_students_complaints,356,external,Infrastructure,Urgent,Transport & Parking,Electrical/AC | Parking,train,train
external-358,Parking attendants are not always present.,Transport,Low,Transport,Low,approved,Infrastructure transport/parking issue mapped to Transport. Publisher severity retained.,Transport & Parking Department,,external:181,external:181,university_students_complaints,358,external,Infrastructure,Low,Transport & Parking,Parking,train,train
external-359,No clear signboards for visitor parking.,Transport,Medium,Transport,Medium,approved,Infrastructure transport/parking issue mapped to Transport. Publisher severity retained.,Transport & Parking Department,,external:182,external:182,university_students_complaints,359,external,Infrastructure,Medium,Transport & Parking,Parking,train,train
external-360,Vehicles sometimes block emergency exits.,Transport,High,Transport,High,approved,Infrastructure transport/parking issue mapped to Transport. Publisher severity retained.,Transport & Parking Department,,external:183,external:183,university_students_complaints,360,external,Infrastructure,High,Transport & Parking,Parking,train,train
external-361,Parking fee collection process is confusing.,Transport,High,Transport,High,approved,Infrastructure transport/parking issue mapped to Transport. Publisher Urgent normalized to High; Critical is reserved for safety emergencies.,Transport & Parking Department,,external:184,external:184,university_students_complaints,361,external,Infrastructure,Urgent,Transport & Parking,Fee/Payment | Parking,train,test
external-363,Motorcycle parking area is overcrowded.,Facilities,Low,Facilities,Low,approved,Capacity or availability request mapped to Facilities. Publisher severity retained.,Facilities & Infrastructure,,external:186,external:186,university_students_complaints,363,external,Infrastructure,Low,Transport & Parking,Parking,train,train
external-364,Parking area surveillance cameras are not functioning.,Transport,Medium,Transport,Medium,approved,Infrastructure transport/parking issue mapped to Transport. Publisher severity retained.,Transport & Parking Department,,external:187,external:187,university_students_complaints,364,external,Infrastructure,Medium,Transport & Parking,Parking,train,test
external-366,Parking layout causes difficulty exiting during rush hours.,Transport,Medium,Transport,Medium,approved,Infrastructure transport/parking issue mapped to Transport. Publisher severity retained.,Transport & Parking Department,,external:189,external:189,university_students_complaints,366,external,Infrastructure,Medium,Transport & Parking,Parking,train,validation
external-367,Students report minor scratches due to crowded parking.,Transport,Low,Transport,Low,approved,Infrastructure transport/parking issue mapped to Transport. Publisher severity retained.,Transport & Parking Department,,external:190,external:190,university_students_complaints,367,external,Infrastructure,Low,Transport & Parking,Parking,train,train
external-368,Parking entrance becomes jammed during morning classes.,Transport,High,Transport,High,approved,Infrastructure transport/parking issue mapped to Transport. Publisher Urgent normalized to High; Critical is reserved for safety emergencies.,Transport & Parking Department,,external:191,external:191,university_students_complaints,368,external,Infrastructure,Urgent,Transport & Parking,Parking,train,train
external-369,No digital system to track available parking spaces.,Transport,Low,Transport,Low,approved,Infrastructure transport/parking issue mapped to Transport. Publisher severity retained.,Transport & Parking Department,,external:192,external:192,university_students_complaints,369,external,Infrastructure,Low,Transport & Parking,Lab Equipment | Electrical/AC | Parking,train,validation
external-370,Parking area drainage system is poor.,Transport,Medium,Transport,Medium,approved,Infrastructure transport/parking issue mapped to Transport. Publisher severity retained.,Transport & Parking Department,,external:193,external:193,university_students_complaints,370,external,Infrastructure,Medium,Transport & Parking,Parking,train,train
external-373,Washrooms on the third floor lack proper cleaning.,Cleanliness,High,Cleanliness,High,approved,Cleanliness language takes precedence within Infrastructure. Publisher Urgent normalized to High; Critical is reserved for safety emergencies.,Housekeeping & Janitorial Services,,external:196,external:196,university_students_complaints,373,external,Infrastructure,Urgent,Maintenance,Washroom | Electrical/AC | Classroom,train,train
external-374,Water leakage from ceiling in classroom corridor.,Plumbing,Medium,Plumbing,Medium,approved,Water or plumbing evidence mapped to Plumbing. Publisher severity retained.,Plumbing Services,,external:197,external:197,university_students_complaints,374,external,Infrastructure,Medium,Maintenance,Water Supply | Classroom,train,train
external-376,Elevator waiting time is extremely long.,Facilities,High,Facilities,High,approved,Capacity or availability request mapped to Facilities. Publisher Urgent normalized to High; Critical is reserved for safety emergencies.,Facilities & Infrastructure,,external:199,external:199,university_students_complaints,376,external,Infrastructure,Urgent,Maintenance,Elevator,train,train
external-378,Classroom windows cannot be opened.,Maintenance,Medium,Maintenance,Medium,approved,Remaining physical infrastructure mapped to Maintenance. Publisher severity retained.,Facilities Management & Maintenance,,external:201,external:201,university_students_complaints,378,external,Infrastructure,Medium,Maintenance,Classroom,train,train
external-379,Hand dryers in washrooms are not functioning.,Maintenance,Medium,Maintenance,Medium,approved,Remaining physical infrastructure mapped to Maintenance. Publisher severity retained.,Facilities Management & Maintenance,,external:202,external:202,university_students_complaints,379,external,Infrastructure,Medium,Maintenance,Washroom | Classroom,train,train
external-381,Broken tiles near the staircases are dangerous.,Maintenance,Medium,Maintenance,Medium,approved,Remaining physical infrastructure mapped to Maintenance. Publisher severity retained.,Facilities Management & Maintenance,,external:204,external:204,university_students_complaints,381,external,Infrastructure,Medium,Maintenance,General,train,train
external-384,Water accumulates near washroom entrances.,Plumbing,Medium,Plumbing,Medium,approved,Water or plumbing evidence mapped to Plumbing. Publisher severity retained.,Plumbing Services,,external:207,external:207,university_students_complaints,384,external,Infrastructure,Medium,Maintenance,Washroom | Water Supply | Electrical/AC | Classroom,train,train
external-385,Toilet paper dispensers are empty frequently.,Plumbing,High,Plumbing,High,approved,Water or plumbing evidence mapped to Plumbing. Publisher Urgent normalized to High; Critical is reserved for safety emergencies.,Plumbing Services,,external:208,external:208,university_students_complaints,385,external,Infrastructure,Urgent,Maintenance,Washroom,train,test
external-387,Elevator capacity is insufficient during class change time.,Maintenance,Medium,Maintenance,Medium,approved,Remaining physical infrastructure mapped to Maintenance. Publisher severity retained.,Facilities Management & Maintenance,,external:210,external:210,university_students_complaints,387,external,Infrastructure,Medium,Maintenance,Elevator | Electrical/AC,train,train
external-391,Some stair railings are loose.,Maintenance,High,Maintenance,High,approved,Remaining physical infrastructure mapped to Maintenance. Publisher severity retained.,Facilities Management & Maintenance,,external:213,external:213,university_students_complaints,391,external,Infrastructure,High,Maintenance,General,train,train
external-392,Washroom drainage is slow causing water pooling.,Plumbing,High,Plumbing,High,approved,Water or plumbing evidence mapped to Plumbing. Publisher severity retained.,Plumbing Services,,external:214,external:214,university_students_complaints,392,external,Infrastructure,High,Maintenance,Washroom | Water Supply | Classroom,train,validation
external-393,Elevator maintenance seems irregular.,Maintenance,High,Maintenance,High,approved,Remaining physical infrastructure mapped to Maintenance. Publisher severity retained.,Facilities Management & Maintenance,,external:215,external:215,university_students_complaints,393,external,Infrastructure,High,Maintenance,Elevator,train,validation
external-394,Classroom floors remain dirty after cleaning.,Cleanliness,Medium,Cleanliness,Medium,approved,Cleanliness language takes precedence within Infrastructure. Publisher severity retained.,Housekeeping & Janitorial Services,,external:216,external:216,university_students_complaints,394,external,Infrastructure,Medium,Maintenance,Classroom,train,train
external-396,Water taps in washrooms are leaking,Plumbing,Medium,Plumbing,Medium,approved,Water or plumbing evidence mapped to Plumbing. Publisher severity retained.,Plumbing Services,,external:218,external:218,university_students_complaints,396,external,Infrastructure,Medium,Maintenance,Washroom | Water Supply | Classroom,train,test
external-2,Blurry Projectors,IT,High,IT,High,approved,Infrastructure record has IT as its primary department. Publisher severity retained.,IT Support & Services,,external:1,external:1,university_students_complaints,2,external,Infrastructure,High,IT,Projector,test,train
external-7,some computers in LAB is very very laggy (7B01-7B08),IT,High,IT,High,approved,Technical issue mapped to IT. Publisher Urgent normalized to High; Critical is reserved for safety emergencies.,IT Support & Services,,external:6,external:6,university_students_complaints,7,external,Technical,Urgent,IT,Lab Equipment,test,train
external-14,The maximum obtainable grade point for the Improvement Exam of any course has been set to 3.5. It should be increased to 4.00.,Academic,Medium,Academic,Medium,approved,Publisher Academic label retained. Publisher severity retained.,Academic Affairs & Registrar,,external:13,external:13,university_students_complaints,14,external,Academic,Medium,Examination,Examination,test,validation
external-26,Whiteboards in theory classrooms are damaged,Maintenance,High,Maintenance,High,approved,Remaining physical infrastructure mapped to Maintenance. Publisher severity retained.,Facilities Management & Maintenance,,external:22,external:22,university_students_complaints,26,external,Infrastructure,High,Maintenance,Classroom,test,test
external-31,"There is no female washroom on the 7th floor, which causes inconvenience; we respectfully request that one of the two existing washrooms be converted into a female washroom.",Maintenance,High,Maintenance,High,approved,Remaining physical infrastructure mapped to Maintenance. Publisher Urgent normalized to High; Critical is reserved for safety emergencies.,Facilities Management & Maintenance,,external:27,external:27,university_students_complaints,31,external,Infrastructure,Urgent,Maintenance,Washroom | Classroom,test,validation
external-39,Each floor should have one wheelchair available.,Administration,High,Administration,High,approved,Publisher Administrative label consolidated into Administration. Publisher severity retained.,General Administration,,external:35,external:35,university_students_complaints,39,external,Administrative,High,Student Welfare,Lab Equipment | Electrical/AC,test,train
external-48,The lab classes lack regular maintenance which hampers the studies.,IT,High,IT,High,approved,Technical issue mapped to IT. Publisher severity retained.,IT Support & Services,,external:44,external:44,university_students_complaints,48,external,Technical,High,IT,Lab Equipment | Electrical/AC,test,train
external-49,The projector screen is not visible from the back of the classroom and the light of the projector is not good in quality.,IT,High,IT,High,approved,Infrastructure record has IT as its primary department. Publisher severity retained.,IT Support & Services,,external:45,external:45,university_students_complaints,49,external,Infrastructure,High,IT,Projector | Electrical/AC | Classroom,test,train
external-50,The floor of the classroom is not clean.,Cleanliness,Medium,Cleanliness,Medium,approved,Cleanliness language takes precedence within Infrastructure. Publisher severity retained.,Housekeeping & Janitorial Services,,external:46,external:46,university_students_complaints,50,external,Infrastructure,Medium,Maintenance,Classroom,test,train
external-55,"Teacher's evaluation must be taken when semester final results are being processed or after they have been published. For the faculties who get poor evaluations, they may attend demo classes of faculties who get good evaluations to understand in real time how they teach.",Academic,Medium,Academic,Medium,approved,Publisher Academic label retained. Publisher severity retained.,Academic Affairs & Registrar,,external:51,external:51,university_students_complaints,55,external,Academic,Medium,Department Head,Electrical/AC | Examination | Faculty,test,validation
external-61,"All families get holidays during the month of December, but after the semester finals of the Fall semester, students of AUST get one month of semester break in November. Therefore, one week of semester break, followed up later by a two-week winter break during December would be more preferrable and student friendly.",Academic,Medium,Academic,Medium,approved,Publisher Academic label retained. Publisher severity retained.,Academic Affairs & Registrar,,external:57,external:57,university_students_complaints,61,external,Academic,Medium,Examination,General,test,train
external-74,"The quiz questions often do not align with the lecture material, which unfairly puts students at a disadvantage and reflects poor planning or oversight by the course organizers.",Academic,High,Academic,High,approved,Publisher Academic label retained. Publisher severity retained.,Academic Affairs & Registrar,,external:70,external:70,university_students_complaints,74,external,Academic,High,Department Head,Examination,test,train
external-81,some computers in LAB is very very laggy (7B01-7B08).,IT,High,IT,High,approved,Technical issue mapped to IT. Publisher Urgent normalized to High; Critical is reserved for safety emergencies.,IT Support & Services,,external:6,external:6,university_students_complaints,81,external,Technical,Urgent,IT,Lab Equipment,test,train
external-88,The maximum obtainable grade point for the Improvement Exam of any course has been set to 3.5. It should be increased to 4.00. Needs attention.,Academic,Medium,Academic,Medium,approved,Publisher Academic label retained. Publisher severity retained.,Academic Affairs & Registrar,,external:13,external:13,university_students_complaints,88,external,Academic,Medium,Examination,Examination,test,validation
external-100,Whiteboards in theory classrooms are damaged.,Maintenance,High,Maintenance,High,approved,Remaining physical infrastructure mapped to Maintenance. Publisher severity retained.,Facilities Management & Maintenance,,external:22,external:22,university_students_complaints,100,external,Infrastructure,High,Maintenance,Classroom,test,test
external-105,"There is no female washroom on the 7th floor, which causes inconvenience; we respectfully request that one of the two existing washrooms be converted into a female washroom. Would appreciate a resolution soon.",Maintenance,High,Maintenance,High,approved,Remaining physical infrastructure mapped to Maintenance. Publisher Urgent normalized to High; Critical is reserved for safety emergencies.,Facilities Management & Maintenance,,external:27,external:27,university_students_complaints,105,external,Infrastructure,Urgent,Maintenance,Washroom | Classroom,test,validation
external-113,Each floor should have one wheelchair accessible.,Administration,High,Administration,High,approved,Publisher Administrative label consolidated into Administration. Publisher severity retained.,General Administration,,external:35,external:35,university_students_complaints,113,external,Administrative,High,Student Welfare,Electrical/AC,test,train
external-122,The lab classes lack regular maintenance which hampers the studies. Please look into it.,IT,High,IT,High,approved,Technical issue mapped to IT. Publisher severity retained.,IT Support & Services,,external:44,external:44,university_students_complaints,122,external,Technical,High,IT,Lab Equipment | Electrical/AC,test,train
external-123,The projector screen is not visible from the back of the classroom and the light of the projector is not good in quality. Would appreciate a resolution soon.,IT,High,IT,High,approved,Infrastructure record has IT as its primary department. Publisher severity retained.,IT Support & Services,,external:45,external:45,university_students_complaints,123,external,Infrastructure,High,IT,Projector | Electrical/AC | Classroom,test,train
external-129,"Teacher's evaluation must be taken when semester final results are being processed or after they have been published. For the faculties who get subpar evaluations, they may attend demo classes of faculties who get good evaluations to understand in real time how they teach. Kindly verify and take action.",Academic,Medium,Academic,Medium,approved,Publisher Academic label retained. Publisher severity retained.,Academic Affairs & Registrar,,external:51,external:51,university_students_complaints,129,external,Academic,Medium,Department Head,Electrical/AC | Examination | Faculty,test,validation
external-135,"All families get holidays during the month of December, but after the semester finals of the Fall semester, students of AUST get one month of semester break in November. Therefore, one week of semester break, followed up later by a two-week winter break during December would be more preferrable and student friendly. Needs attention.",Academic,Medium,Academic,Medium,approved,Publisher Academic label retained. Publisher severity retained.,Academic Affairs & Registrar,,external:57,external:57,university_students_complaints,135,external,Academic,Medium,Examination,General,test,train
external-148,"The quiz questions regularly do not align with the lecture material, which inequitably puts students at a setback and reflects inadequate planning or oversight by the course organizers.",Academic,High,Academic,High,approved,Publisher Academic label retained. Publisher severity retained.,Academic Affairs & Registrar,,external:70,external:70,university_students_complaints,148,external,Academic,High,Department Head,Electrical/AC | Examination,test,train
external-154,Some projectors are not clear. Please look into it.,IT,High,IT,High,approved,Infrastructure record has IT as its primary department. Publisher severity retained.,IT Support & Services,,external:88,external:88,university_students_complaints,154,external,Infrastructure,High,IT,Projector,test,test
external-162,The maximum obtainable grade point for the Improvement Exam of any course has been set to 3.5. It should be increased to 4.00. Requesting a quick check.,Academic,Medium,Academic,Medium,approved,Publisher Academic label retained. Publisher severity retained.,Academic Affairs & Registrar,,external:13,external:13,university_students_complaints,162,external,Academic,Medium,Examination,Examination,test,validation
external-167,The classroom projectors doesnt work well. This is affecting regular activities.,IT,High,IT,High,approved,Technical issue mapped to IT. Publisher Urgent normalized to High; Critical is reserved for safety emergencies.,IT Support & Services,,external:93,external:93,university_students_complaints,167,external,Technical,Urgent,IT,Projector | Electrical/AC | Classroom,test,train
external-179,"There is no female washroom on the 7th floor, which causes inconvenience; we respectfully request that one of the two existing washrooms be converted into a female washroom. Needs attention.",Maintenance,High,Maintenance,High,approved,Remaining physical infrastructure mapped to Maintenance. Publisher Urgent normalized to High; Critical is reserved for safety emergencies.,Facilities Management & Maintenance,,external:27,external:27,university_students_complaints,179,external,Infrastructure,Urgent,Maintenance,Washroom | Classroom,test,validation
external-187,Each floor should have one wheelchair ready.,Administration,High,Administration,High,approved,Publisher Administrative label consolidated into Administration. Publisher severity retained.,General Administration,,external:35,external:35,university_students_complaints,187,external,Administrative,High,Student Welfare,Electrical/AC,test,train
external-197,The projector screen is not visible from the back of the classroom and the light of the projector is not good in quality. This is affecting regular activities.,IT,High,IT,High,approved,Infrastructure record has IT as its primary department. Publisher severity retained.,IT Support & Services,,external:45,external:45,university_students_complaints,197,external,Infrastructure,High,IT,Projector | Electrical/AC | Classroom,test,train
external-203,"Teacher's evaluation must be taken when semester final results are being processed or after they have been published. For the faculties who get inadequate evaluations, they may attend demo classes of faculties who get good evaluations to understand in real time how they teach. Would appreciate a resolution soon.",Academic,Medium,Academic,Medium,approved,Publisher Academic label retained. Publisher severity retained.,Academic Affairs & Registrar,,external:102,external:102,university_students_complaints,203,external,Academic,Medium,Department Head,Electrical/AC | Examination | Faculty,test,train
external-209,"All families get holidays during the month of December, but after the semester finals of the Fall semester, students of AUST get one month of semester break in November. Therefore, one week of semester break, followed up later by a two-week winter break during December would be more preferrable and student friendly. Please look into it.",Academic,Medium,Academic,Medium,approved,Publisher Academic label retained. Publisher severity retained.,Academic Affairs & Registrar,,external:57,external:57,university_students_complaints,209,external,Academic,Medium,Examination,General,test,train
external-229,some computers in LAB is very very laggy (7B01-7B08). Please look into it.,IT,High,IT,High,approved,Technical issue mapped to IT. Publisher Urgent normalized to High; Critical is reserved for safety emergencies.,IT Support & Services,,external:6,external:6,university_students_complaints,229,external,Technical,Urgent,IT,Lab Equipment,test,train
external-236,The maximum obtainable grade point for the Improvement Exam of any course has been set to 3.5. It should be increased to 4.00. This is affecting regular activities.,Academic,Medium,Academic,Medium,approved,Publisher Academic label retained. Publisher severity retained.,Academic Affairs & Registrar,,external:13,external:13,university_students_complaints,236,external,Academic,Medium,Examination,Electrical/AC | Examination,test,validation
external-245,CSE Dept doesnt have qualified teachers. This is affecting regular activities.,Academic,High,Academic,High,approved,Publisher Academic label retained. Publisher severity retained.,Academic Affairs & Registrar,,external:112,external:112,university_students_complaints,245,external,Academic,High,Department Head,Electrical/AC | Faculty,test,test
external-248,Whiteboards in theory classrooms are damaged. Needs attention.,Maintenance,High,Maintenance,High,approved,Remaining physical infrastructure mapped to Maintenance. Publisher severity retained.,Facilities Management & Maintenance,,external:22,external:22,university_students_complaints,248,external,Infrastructure,High,Maintenance,Classroom,test,test
external-253,"There is no female washroom on the 7th floor, which causes inconvenience; we respectfully request that one of the two existing washrooms be converted into a female washroom. This is affecting regular activities.",Maintenance,High,Maintenance,High,approved,Remaining physical infrastructure mapped to Maintenance. Publisher Urgent normalized to High; Critical is reserved for safety emergencies.,Facilities Management & Maintenance,,external:27,external:27,university_students_complaints,253,external,Infrastructure,Urgent,Maintenance,Washroom | Electrical/AC | Classroom,test,validation
external-267,AC's don't work properly. Kindly verify and take action.,Electrical,High,Electrical,High,approved,Electrical/AC evidence mapped to Electrical. Publisher Urgent normalized to High; Critical is reserved for safety emergencies.,Electrical Maintenance Services,,external:117,external:117,university_students_complaints,267,external,Infrastructure,Urgent,Maintenance,Electrical/AC,test,train
external-270,The lab classes lack regular maintenance which hampers the studies. (variation-3),IT,High,IT,High,approved,Technical issue mapped to IT. Publisher severity retained.,IT Support & Services,,external:44,external:44,university_students_complaints,270,external,Technical,High,IT,Lab Equipment | Electrical/AC,test,train
external-271,The projector screen is not visible from the back of the classroom and the light of the projector is not good in quality. Kindly verify and take action.,IT,High,IT,High,approved,Infrastructure record has IT as its primary department. Publisher severity retained.,IT Support & Services,,external:45,external:45,university_students_complaints,271,external,Infrastructure,High,IT,Projector | Electrical/AC | Classroom,test,train
external-272,The floor of the classroom is not clean. Needs attention.,Cleanliness,Medium,Cleanliness,Medium,approved,Cleanliness language takes precedence within Infrastructure. Publisher severity retained.,Housekeeping & Janitorial Services,,external:46,external:46,university_students_complaints,272,external,Infrastructure,Medium,Maintenance,Classroom,test,train
external-277,"Teacher's evaluation must be taken when semester final results are being processed or after they have been published. For the faculties who get inadequate evaluations, they may attend demo classes of faculties who get good evaluations to understand in real time how they teach. Needs attention.",Academic,Medium,Academic,Medium,approved,Publisher Academic label retained. Publisher severity retained.,Academic Affairs & Registrar,,external:51,external:51,university_students_complaints,277,external,Academic,Medium,Department Head,Electrical/AC | Examination | Faculty,test,validation
external-283,"All families get holidays during the month of December, but after the semester finals of the Fall semester, students of AUST get one month of semester break in November. Therefore, one week of semester break, followed up later by a two-week winter break during December would be more preferrable and student friendly. This is affecting regular activities.",Academic,Medium,Academic,Medium,approved,Publisher Academic label retained. Publisher severity retained.,Academic Affairs & Registrar,,external:57,external:57,university_students_complaints,283,external,Academic,Medium,Examination,Electrical/AC,test,train
external-296,"The quiz questions frequently do not align with the lecture material, which in an unfair way puts students at a setback and reflects inadequate planning or oversight by the course organizers.",Academic,High,Academic,High,approved,Publisher Academic label retained. Publisher severity retained.,Academic Affairs & Registrar,,external:70,external:70,university_students_complaints,296,external,Academic,High,Department Head,Electrical/AC | Examination,test,train
external-303,Air conditioners stop working during afternoon classes.,Maintenance,High,Maintenance,High,approved,Remaining physical infrastructure mapped to Maintenance. Publisher severity retained.,Facilities Management & Maintenance,,external:126,external:126,university_students_complaints,303,external,Infrastructure,High,Maintenance,Electrical/AC,test,train
external-307,Emergency lights in staircases are not operational.,Electrical,Low,Electrical,Low,approved,Electrical/AC evidence mapped to Electrical. Publisher severity retained.,Electrical Maintenance Services,,external:130,external:130,university_students_complaints,307,external,Infrastructure,Low,Maintenance,General,test,train
external-329,Different staff members provide conflicting fee information.,Administration,Medium,Administration,Medium,approved,Publisher Finance label consolidated into Administration. Publisher severity retained.,General Administration,,external:152,external:152,university_students_complaints,329,external,Finance,Medium,Finance,Fee/Payment,test,train
external-335,Duplicate charges appeared in some student accounts.,Administration,Low,Administration,Low,approved,Publisher Finance label consolidated into Administration. Publisher severity retained.,General Administration,,external:158,external:158,university_students_complaints,335,external,Finance,Low,Finance,Electrical/AC,test,test
external-345,Students cannot check payment history easily.,Administration,Low,Administration,Low,approved,Publisher Finance label consolidated into Administration. Publisher severity retained.,General Administration,,external:168,external:168,university_students_complaints,345,external,Finance,Low,Finance,Fee/Payment,test,train
external-346,Staff availability is limited during peak payment time,Administration,Medium,Administration,Medium,approved,Publisher Finance label consolidated into Administration. Publisher severity retained.,General Administration,,external:169,external:169,university_students_complaints,346,external,Finance,Medium,Finance,Lab Equipment | Fee/Payment,test,train
external-347,Insufficient parking spaces during peak hours.,Transport,Low,Transport,Low,approved,Infrastructure transport/parking issue mapped to Transport. Publisher severity retained.,Transport & Parking Department,,external:170,external:170,university_students_complaints,347,external,Infrastructure,Low,Transport & Parking,Electrical/AC | Parking,test,train
external-352,Students park vehicles outside designated zones.,Transport,High,Transport,High,approved,Infrastructure transport/parking issue mapped to Transport. Publisher Urgent normalized to High; Critical is reserved for safety emergencies.,Transport & Parking Department,,external:175,external:175,university_students_complaints,352,external,Infrastructure,Urgent,Transport & Parking,Parking,test,validation
external-365,Cars are parked in restricted areas.,Transport,Medium,Transport,Medium,approved,Infrastructure transport/parking issue mapped to Transport. Publisher severity retained.,Transport & Parking Department,,external:188,external:188,university_students_complaints,365,external,Infrastructure,Medium,Transport & Parking,Parking,test,train
external-371,Parking rules are not clearly communicated,Transport,Medium,Transport,Medium,approved,Infrastructure transport/parking issue mapped to Transport. Publisher severity retained.,Transport & Parking Department,,external:194,external:194,university_students_complaints,371,external,Infrastructure,Medium,Transport & Parking,Parking,test,train
external-375,Broken door locks in several washrooms.,Maintenance,Medium,Maintenance,Medium,approved,Remaining physical infrastructure mapped to Maintenance. Publisher severity retained.,Facilities Management & Maintenance,,external:198,external:198,university_students_complaints,375,external,Infrastructure,Medium,Maintenance,Washroom | Classroom,test,train
external-382,Washroom lights remain off most of the time.,Electrical,High,Electrical,High,approved,Electrical/AC evidence mapped to Electrical. Publisher severity retained.,Electrical Maintenance Services,,external:205,external:205,university_students_complaints,382,external,Infrastructure,High,Maintenance,Washroom | Classroom,test,validation
external-383,Elevator displays incorrect floor numbers.,Maintenance,High,Maintenance,High,approved,Remaining physical infrastructure mapped to Maintenance. Publisher Urgent normalized to High; Critical is reserved for safety emergencies.,Facilities Management & Maintenance,,external:206,external:206,university_students_complaints,383,external,Infrastructure,Urgent,Maintenance,Projector | Elevator,test,train
external-386,Classroom doors make loud noises when opening.,Maintenance,Medium,Maintenance,Medium,approved,Remaining physical infrastructure mapped to Maintenance. Publisher severity retained.,Facilities Management & Maintenance,,external:209,external:209,university_students_complaints,386,external,Infrastructure,Medium,Maintenance,Classroom | Safety/Discipline,test,train
external-388,Washrooms sometimes have unpleasant odors.,Cleanliness,Low,Cleanliness,Low,approved,Cleanliness language takes precedence within Infrastructure. Publisher severity retained.,Housekeeping & Janitorial Services,,external:211,external:211,university_students_complaints,388,external,Infrastructure,Low,Maintenance,Washroom | Classroom,test,train
external-389,Broken sinks in several washrooms.,Plumbing,High,Plumbing,High,approved,Water or plumbing evidence mapped to Plumbing. Publisher severity retained.,Plumbing Services,,external:198,external:198,university_students_complaints,389,external,Infrastructure,High,Maintenance,Washroom | Classroom,test,train
external-395,Broken mirrors in washrooms remain unrepaired.,Maintenance,High,Maintenance,High,approved,Remaining physical infrastructure mapped to Maintenance. Publisher severity retained.,Facilities Management & Maintenance,,external:217,external:217,university_students_complaints,395,external,Infrastructure,High,Maintenance,Washroom | Classroom,test,test
